Year,Round,SeedDiff,OffEff,DefEff,OffFgp,DefFgp,OffTop,DefTop,OffRp,DefRp,OffFtr,DefFtr,OffFtp,DefFtp,Off2pp,Def2pp,Off3pp,Def3pp,ScoreDiff
2022,6,-7,5.4,-2.2,2.3,-2.8,0.9,4.5,1,7,2,6.3,-4.7,-0.6,3.5,-1.1,0.3,-3.9,3
2022,5,6,-8.3,-2.5,-4.1,1.5,1.4,-2.1,0.2,-7.3,1.7,2.3,2.6,3.4,-5.9,0.9,-0.8,1.7,4
2022,5,-1,2.6,-1.7,2.3,-1.5,1.8,-0.3,1.7,-0.3,2.5,2.7,-11.3,-1.5,4.1,-1.7,0.2,-1,16
2022,4,-9,6.2,-6.6,0.4,-6.7,3.3,-2.3,10.5,-1.7,3.4,2.9,-2.5,4,-1.2,-6.6,2.2,-4.7,26
2022,4,-3,0.7,4.5,-1.6,4,-1.4,-3.3,-6.5,0.9,0.8,-9.7,16.3,1.7,-5,4.7,2.1,2,6
2022,4,-7,15,0.4,4,4.4,-3.7,-6.9,1,-7.4,-7.1,-19.8,6.1,-0.2,4.5,3,1.2,4.5,20
2022,4,-2,14,5.3,7,-0.4,-1.9,-4.8,2.1,3.6,-8.6,-12.8,-2.2,-4,5.9,-0.2,6.2,-0.4,9
2022,3,3,-11.6,0.8,-10.1,4.4,1.2,4.2,0.5,1.9,6.6,9.2,4.5,3.2,-10.3,5,-6.6,1.9,6
2022,3,-1,12.2,10.6,3,1.3,-4.8,-7.5,-1.5,3.1,-6.5,-12.8,4,0.1,1.1,2.1,4.5,0.5,5
2022,3,4,-1.4,1.3,0.9,1,3.2,-5.8,0.6,-3.7,0.8,-6.9,2.3,-0.1,0.6,0.2,0.4,1.6,7
2022,3,12,-22.2,-4.4,-9,-4.9,2.6,6.5,-4.3,5.2,-0.8,19.6,-0.8,0.6,-10.2,-4.1,-3.8,-4,3
2022,3,4,-1.5,-5.2,-2.5,-1.1,-1.4,4.3,3,-0.6,-5.9,10.7,-7.2,4.3,-2.5,1.6,-1.5,-4,12
2022,3,-9,3.3,-3.2,-0.6,-2.4,-1.8,3.7,0.2,4.9,0.4,-0.6,8.4,0,-3.2,-2.3,2,-1.6,8
2022,3,-3,8.4,-4.2,3.8,-0.5,0.3,2.5,2.6,1.2,-4.7,0.7,-1.1,2.3,4.6,-0.7,1.7,-0.2,5
2022,3,-1,11.9,9.5,4.3,4.6,-6.4,-4.2,-6,2,1.8,-11.9,5.9,-3.9,4.7,2.2,2.4,5.6,14
2022,2,-8,15,-0.8,3.2,0.9,-3.1,2.6,4.5,0.1,5.6,6.9,-2.1,-0.9,0.3,2.8,5.3,-1.9,7
2022,2,-8,4.5,-3.6,-1.1,-4.2,2.7,-3.2,7.9,-0.1,6,3.6,1,-2.9,-3.3,-2.8,1.4,-4.3,28
2022,2,8,-7,-5,1.4,-1.1,7.4,7.6,2.5,3.9,-5.3,9.5,-6,3.5,1.4,1.8,0.8,-3.6,5
2022,2,8,1.9,7.9,3.5,8.4,-2.7,0.4,-11.3,1.4,-2.7,-9.4,1.1,-5.4,3.5,10.2,2.1,3.5,18
2022,2,-8,9.4,1.6,6.9,-3,-3.1,-1.2,-3,2.5,3.5,-2.9,6.5,-3.5,6.7,-6.2,5.1,1.9,5
2022,2,1,4.6,-4.5,0.6,-2.7,-1.2,6.2,4.6,1.4,-3,6.5,-3.9,0.2,3.1,-1.8,-2.1,-3.1,15
2022,2,8,2.6,9.1,1.4,3.3,-0.4,-8.2,-1.4,-3.2,0.4,-5.9,3.1,2.3,4.2,4.4,-2,1.1,8
2022,2,-5,1.7,-5.5,-2.8,-0.3,-1.6,2.9,1.9,0.2,-3.6,-4.1,7.3,0.3,-4.5,2.3,-0.6,-3,10
2022,2,7,-3.4,2.2,-1.3,0.8,-1.5,-9.3,-4.4,-7.2,1.3,-6.3,6.7,2.2,-3.5,-1.7,1.5,3.5,7
2022,2,-1,6,1.7,-2.1,-0.7,-3.8,0.2,3.9,3.6,6.2,3.2,-2.2,0.1,-3,0.3,-0.1,-2.2,16
2022,2,-3,9.1,6,6.4,2.1,-0.3,-9,3.6,-6,6.2,-17.4,-3.5,4,5.3,2,5.4,1.4,10
2022,2,8,-10.6,-3.1,-5.1,-3.9,3,0.1,-4.4,3.3,5,15.2,0.9,4.8,-7.6,-6,0.1,-0.5,10
2022,2,-8,7.9,-2.7,6.4,-3.5,-6.8,-4.1,-8.3,-7.5,-7.2,-10.5,2.1,0.5,8.5,-3.7,1.5,-1.5,4
2022,2,-8,2.7,-5.3,-3.3,2.3,-3.9,3.7,-3,-0.4,2.6,3.6,6,-2.2,-3.1,1.2,-3,2.6,5
2022,2,-8,-2.3,-11.3,-1.4,-3.2,4.2,8.1,11.1,1.1,7.8,9.7,-5.6,-0.4,3,-5.1,-5.8,-0.5,6
2022,2,-5,11.1,-0.6,3.6,-1,-3.8,0.4,1,1.8,-1.3,-9.2,-1.2,-1.7,6.4,-1.9,-1.2,0.4,9
2022,1,-15,18.4,-8.5,14,-6.9,-0.9,-5.8,-3.4,-7.6,0.2,-10.5,-0.5,0.9,17.9,-4.4,4.6,-7,21
2022,1,1,4.8,-0.3,1.6,-1.7,4.1,0.2,6.8,8.5,2.6,7.3,4.3,-2.9,1.3,-2.5,1.5,-0.6,11
2022,1,7,-7.2,0.1,2.3,-0.8,3.5,-1.2,-5.3,-1.9,4.1,-3.4,-5.3,6.6,5.2,3,-1.8,-5.5,7
2022,1,-9,-1,-6.6,-8.5,-0.2,2.2,3.7,5.9,6.6,10.5,8.6,1.9,4,-8.5,1.5,-6.4,-2,4
2022,1,5,-2.4,-1.6,2.7,-0.8,-4.2,-2.8,-13.2,-5.8,-5.6,-12.6,2.6,-2.1,-4,0.3,7,-1.8,14
2022,1,-11,6.9,-17.1,-1.3,-3.6,1.1,5,6.5,2.3,-5,-4.2,-5.1,-6.6,2,-4.4,-4.9,-2.1,35
2022,1,-3,-4.2,-4.5,-3.6,-1.4,4,-1.4,7.1,4.7,-2.6,0.3,-0.4,-3.3,-4.6,-0.4,-0.7,-2,1
2022,1,-13,20.7,-7.1,6.7,-4,-2.9,-4.5,2.6,0.7,-6.2,-6.6,-2.9,-0.6,7.6,-1.8,3.2,-5.3,17
2022,1,-15,17.1,-11.7,1.9,2,-2.2,4.5,6.2,1,-9.3,-5.8,0,5.8,2.8,2.1,0.3,0.7,36
2022,1,-1,6.7,-3,-0.6,1.6,-0.8,-5.3,9.4,-10,4.1,-8.1,2.3,2.2,-2.5,1.1,1.4,1.7,32
2022,1,-7,2.1,-1.1,2.1,2.1,-0.2,1.6,0.4,-3.4,-10.2,-5.6,6.3,-3.1,1.6,3.1,2.2,1.3,29
2022,1,-9,10.3,-9.5,-1.9,-1.5,-4.5,1.9,2.3,-1.1,-9.8,2.2,4.7,1.9,-2.7,-0.1,0.1,-2.7,4
2022,1,-5,-3.1,-3.7,-5,-2,0.8,4.3,3.8,3.6,7.5,13.4,-0.5,-6.4,-2.1,-2.7,-6.2,-0.5,8
2022,1,-11,22.2,-0.4,6.8,0.2,-0.8,-4.2,9.6,-2.9,6,-10.5,-2.2,3.2,5.7,-2.6,5.8,2.7,22
2022,1,-3,-0.2,3.2,-0.5,1,-0.8,2,5.3,1.7,3.9,-7,0.4,-3,-1.2,1.8,0.2,0.8,5
2022,1,13,-20,-2.3,-5.6,-2.7,3.4,3,-6.8,4.1,9.4,15.8,-2.3,0.6,-7.9,-2.8,-0.1,-1.6,6
2022,1,-15,13.2,-12.5,3.9,-7,0.6,-1.1,3.7,-1.5,3.3,-2.1,-2.7,-4.1,4.5,-10.1,1.9,-1,17
2022,1,1,3.2,-1.3,1.5,1.8,3.7,0.1,5.4,-3,0.9,-0.9,-7.8,-6.4,4.5,2.9,-3,-0.2,27
2022,1,-7,4.7,-10.6,0.3,-5.1,0.5,0.6,4.4,0.5,-0.3,3.4,-7.3,1.1,3.7,-4.4,-4.2,-4.1,14
2022,1,-9,4.6,-4.3,0.3,-3.4,1.1,-2.6,0.4,0.4,5.2,0.4,-5.3,2.3,-1.6,-6.9,2,1.6,1
2022,1,5,2,-1.9,-2.7,-0.4,2.1,-3.8,9.1,-1,-0.2,0,-2.7,1.7,-3,-0.6,-1.7,-0.3,12
2022,1,-11,5.6,-16.6,-0.8,-5,-0.7,2.9,-0.8,2.7,-6.4,5,-1.1,-2.9,0.6,-7.9,-2.5,-0.8,32
2022,1,-3,8.6,6.2,-1.3,0.7,-1.4,-4.6,4.2,4.7,1.9,0.2,4.6,-0.5,-0.9,-1.5,-1.1,2.9,13
2022,1,-13,10.7,-10.2,-1.9,-2.3,-2.8,-0.1,4.5,-2.4,-4.7,-4.1,8.6,-2.6,-4.9,0.4,1.4,-4.6,20
2022,1,-15,23.5,-7.2,5.6,0.5,-4.1,0.8,-0.1,0.6,-1.3,-5.7,3.8,7.2,5,1.3,4.7,-0.6,27
2022,1,1,2.4,5.2,1.9,0.8,1.1,-6.4,-1.1,1.2,-4.4,-10.2,4.6,4.8,6.6,0.1,-4.6,1.7,3
2022,1,7,-14.2,1.9,-2.2,0.8,1.3,-0.4,-9.9,-2.5,1,-2.9,-3.1,1.4,-0.2,0,-3.3,1.4,4
2022,1,-9,-2.7,-8,-9.2,-5.1,1.7,-0.2,6.6,3.1,2.4,5.7,-3.1,-4.7,-6.9,-3.2,-9.3,-5.2,9
2022,1,5,-4.6,-1.2,-0.3,2.8,-0.3,-0.5,-5.4,-2.6,-6.3,-1.1,-4.8,2.8,-0.3,3.2,-0.1,0.7,5
2022,1,-11,1.7,-9.8,-7.9,0.1,-3.9,1,-0.7,-0.7,6.1,3.1,4.8,1,-3.4,1,-9.7,-1.2,7
2022,1,3,5,1.7,2.2,7.8,-3.9,6,-11.1,3.6,-2,-2,7.8,-3.6,4.7,11,-1.8,1.3,2
2022,1,-13,7.2,-12.2,-3.7,-4,-3,2.9,5.5,1.9,-0.5,12.6,4.3,-3.6,0.3,-4.7,-6.2,-1.7,19
2022,0,0,-0.1,-4.3,1,-3.7,1.7,-5.3,-1,-0.8,-4.4,-8.9,-6.4,-10.7,1.7,-5.2,-0.4,-1.1,9
2022,0,0,-0.2,-5.7,-1.7,-0.9,0.1,1.9,1.5,0.5,-3.6,5.9,-2.3,3.4,-3.5,-4.5,0.3,2.9,8
2022,0,0,1.9,2.1,2.1,3.8,-1.3,1.9,-1.8,-1.6,-1.1,0.9,3.4,2.6,-0.3,4.9,3.1,1.3,11
2022,0,0,6.2,0.4,4.1,0.4,-1.7,-2.7,-7.5,-2.3,1.1,-6.4,5.4,-3.1,2.5,2.5,4,-1.9,2
2019,6,-2,7.9,4.7,1.7,1.7,-3,-5.3,3,-3.3,-3.8,-10.3,1.2,-2.8,-0.3,3.8,3,-0.8,8
2019,5,-3,1.8,-5.3,0.8,-7,-2.1,-7.1,-1.2,-7.4,-1.8,-10.1,3.1,-4.4,0.8,-5.7,1.4,-5.9,1
2019,5,1,-4.7,-5.9,-1.7,-0.9,-0.8,7.9,-6.5,2.3,-0.7,9.1,-2.1,1.5,-1.5,0,-1.3,-1.9,10
2019,4,2,-8.5,-4.6,-5.5,-1.2,2.8,3.8,-4.1,1.9,-2.4,10.7,-2.9,-0.3,-8.6,-1.5,0.2,-0.7,6
2019,4,-2,0.3,-4.5,1.6,-4.3,-1.1,-1.1,-4.1,-1.6,-0.8,-5.4,2.5,-6.6,1,-1.5,2.1,-5.3,5
2019,4,1,1,1.9,1.6,-1.1,1,-4.5,-1.7,-3.1,0.4,3.5,6.7,-1.7,-3.7,-3.1,7,1.7,1
2019,4,3,3.7,5.4,1.4,5.1,-1.8,6.7,-5.2,7.3,-11,9.6,-2.6,0.5,-1.2,7.8,2.7,0.5,6
2019,3,1,0,-0.9,-1.7,0.9,0,0.6,2.9,-3.2,-3.4,-3.2,-3.9,7.7,-3.9,2.5,0.7,-1.2,5
2019,3,-3,11.9,-1,8.5,-3,-4,-1.3,-1.3,-0.2,-0.5,-9.8,1.7,-2.5,10.5,-1.9,3.1,-3.1,14
2019,3,1,0.6,-0.4,1.9,-1.1,3.8,4.8,2.7,3.9,5.4,12.5,3.1,3.1,1,-2.4,2.3,0.6,19
2019,3,-1,1.9,-5.6,4,-6,0.6,-5.2,-2.8,-4.4,-3.5,-5.6,0.1,-1.1,1.4,-7.5,5.9,-2.1,17
2019,3,4,1.2,3.8,1.5,2.8,-0.4,6.3,-3.7,10,0.7,8,-3,3.1,-0.4,3.5,1.9,1.3,17
2019,3,-3,1,-4.1,-2,-4,0.2,-2.2,6,2.3,1.3,-2.3,-7.5,-2.6,5.1,-4,-8.6,-2.8,2
2019,3,-11,14.8,-1.7,3.2,-1.7,-3.1,-3.4,0.8,-3.4,-0.3,-7.6,2.3,-3.6,0.9,-3.1,4.4,-0.1,4
2019,3,-1,1.7,-0.6,0.9,4.1,2.1,-0.3,2.4,-0.5,10.3,-10.5,3.6,1.1,1.6,0.6,-0.1,6.4,4
2019,2,-3,6.3,3.4,-0.2,4,-1.5,6,2.6,6,4.3,6.5,0.9,-3.3,2.1,4.7,-3,1.8,2
2019,2,-8,9.5,-5.2,7,-5.6,1.4,-2,2.5,-2,-8,-0.7,7.1,-1.3,5.8,-6.8,6.1,-2.4,20
2019,2,-8,1,-7.6,-4.3,0.7,1.7,0.9,0.8,-3.7,2.3,8.3,1,0.3,-5.3,-3,-1.7,4.6,28
2019,2,1,8.3,2.7,1.8,3.9,-2,6.4,1.5,4.9,-1.6,8.6,0.8,2.4,-0.9,5.4,3.1,1.2,14
2019,2,-8,4.2,-6.1,1.8,-4,-4,-4.4,-5.9,-7.4,-2.4,-9.5,-2,-3,2.3,-4.2,0.8,-2.5,15
2019,2,-5,1,-7.2,-4.5,-3.3,2.5,-1.2,5,0.3,14.1,-5,2.9,-0.4,-1,-7,-6,1.7,6
2019,2,-3,8,-4.5,0.4,-1.4,-1.1,0.6,4.2,-0.7,-4.5,3.5,-0.9,3.2,-2.2,-2.5,2.2,-0.1,26
2019,2,-8,9,-9.4,7.8,-4.9,-4.8,0.4,-6.4,-2.6,3,-10.6,8.4,1.4,10.2,-4.1,2.2,-4.1,12
2019,2,-8,6.7,-5.3,2.6,-3.4,-1.4,-0.4,1.8,0.8,-9,6.1,1.9,-3.5,4,-8.8,0.3,3,6
2019,2,-8,14.3,-1.6,0.8,1.4,-2.6,-5.9,6.2,-12.1,-4.5,-5.6,4.8,-3.1,0.2,1.9,1.2,0.1,22
2019,2,-8,6,-4,0.7,-0.4,-0.1,1.4,6.1,-0.1,-12.1,-5.2,3.7,4.6,6,0.5,-5.7,-1.4,1
2019,2,-3,1.4,-10,0.1,-4.3,1.7,2.5,-4.3,1.8,0.2,4.7,4.8,-1.1,-2.9,-7.4,2.8,0.4,20
2019,2,-8,8.4,-6.1,-0.3,0.1,0.1,1.1,4.4,0.8,5.2,-6.4,-2.1,4.8,-3.5,0.7,2.6,-0.6,9
2019,2,-8,12.5,-3.2,4.8,-2.8,-2.3,0.2,4.6,-2.4,-2.2,3.2,4.7,-0.6,2.8,-0.1,4.9,-4.4,12
2019,2,-8,8,-3.4,1.8,-5.8,-2.2,0,6.8,0.1,-2.1,5.5,-3.1,-4.7,1.6,-4.9,1.4,-4.8,15
2019,2,1,-0.7,5.8,-0.7,-2.3,-0.3,-4.2,4.1,-1.8,-0.7,-0.9,-1.5,0.9,-1.5,-8.1,0.8,4.9,19
2019,1,1,8,5.7,2.8,1.9,-2.4,-5.4,-1.5,-1,9.6,-7.4,-5.2,-4,-1.1,0.7,6,2.8,15
2019,1,7,-7.5,2.6,1.3,-1.4,-2,1,-9.5,-3.2,-6,0.6,6.5,-4.1,3,-0.1,-0.9,-2.4,4
2019,1,-9,16.3,-2.2,8.9,2.1,-2,2.2,-6.4,2.1,-7.5,-7.2,16.3,0,5.7,2.3,9,1.3,14
2019,1,-11,7.1,-5.6,-4.4,2.6,0.1,4.9,10.4,6.2,7,2,1.7,-4.4,-3.1,1.6,-4.6,2.7,5
2019,1,-15,16.7,-16.5,0.4,-5.8,-2.4,-0.7,8,-5.9,-9.2,-1.3,2.8,-5.6,-1.1,-4.7,1.8,-4.8,15
2019,1,3,-2.6,3.2,-2.7,2.8,-0.4,0.8,2.3,2.5,6.7,-3.8,-9.5,-0.3,-2.1,2.7,-2.5,2,10
2019,1,-13,18.5,-9.2,5.5,-3.7,-0.3,-3.5,7.2,-0.3,-2.7,-8.1,6.2,-4.9,7.8,-4.6,0.8,-1.2,11
2019,1,1,-2.7,-4.7,-2.7,-3.5,-1.2,-3.3,-4.4,-1.5,0.4,-10.4,-8.6,-3.3,-3,-2.4,-1.2,-4.1,23
2019,1,-15,14.5,-17.1,-0.1,-3.4,-0.1,-0.2,10.2,-7.9,-6.6,-0.1,-0.2,-0.5,-1.1,-2.4,1.1,-3.1,15
2019,1,1,-5.9,-3.6,-1.8,1,1.6,6.9,-2.9,12.6,-2,-0.3,-5.5,-0.3,-2.3,3.8,-0.7,-1.9,17
2019,1,7,0,3,0.9,1.2,3.2,3.7,5.1,2.3,2.1,8.1,7.3,3.4,1.9,4.7,-0.8,-2.5,18
2019,1,-7,9.1,-2.8,0.3,2.8,-1,5.5,-5.4,10.3,-3.7,3.9,3.7,0.1,-5,3.4,4.1,1.3,1
2019,1,-9,3.5,-9.8,-3.9,-4.3,2.2,1.5,7.4,3.3,-1.8,0,-4.6,-4.9,-3.2,-7,-3.2,-0.1,34
2019,1,5,-10.5,-2.8,-4.4,-0.1,2.4,-0.6,-0.7,-4.2,3.7,8.2,0.2,2.4,-5.3,0.8,-2.1,-0.9,3
2019,1,9,-0.5,9.6,1.9,-4.1,0.1,-6.1,5.4,1.3,-1.9,2.3,3.9,3.7,1.2,-8.3,2.5,2.5,6
2019,1,-11,8.9,-10.6,-1.6,-7.8,0.1,-2.8,11.4,-7.8,-3.8,6.4,4.4,-0.6,0.1,-8.2,-2.6,-4.9,29
2019,1,-3,8.5,0.1,7.6,0.3,-1.4,-0.7,2.3,-4,-6.7,-1,0.4,-3.3,3.3,1.9,9,-1.4,16
2019,1,-13,16.3,-10.6,1.1,-3.2,1.3,-5.4,9.8,-3,7.9,-11.5,2,-2,3.4,-6.2,-2.3,1,35
2019,1,-5,1.4,2.7,-0.6,1.5,0.7,1.7,-0.9,4.7,5.3,-0.9,-1.4,-3.6,1.4,0.5,-2.6,2.2,4
2019,1,-11,23.2,0,6.4,3.4,-2,0.1,2.4,2.2,1,-0.7,5.6,6.5,7.4,3.7,2.5,1.8,13
2019,1,3,3.6,6.8,3.7,2.9,1.2,-2.5,-7.6,0.1,4.7,-1.7,3.5,2.7,3.8,8.4,1.9,-3.1,7
2019,1,-13,13.3,-9.9,-0.6,-2.6,-3.5,0.2,1.4,3.1,4.9,6.7,1.4,-5.5,1.9,-5.8,-2.8,1.5,7
2019,1,-13,8,-17.3,-4.5,-6,-3.4,-1.2,-2.7,-0.1,-4.1,-13.2,0.6,-8.4,-3.8,-5,-3.6,-5.3,19
2019,1,3,-2.4,-4.1,-3.9,0.4,3.3,3.2,3.4,7.3,-10.9,5.6,1.3,1.7,-5.4,2.2,-1.3,-1.6,9
2019,1,1,4.1,5,1.6,1,1.2,-4.5,7.7,-4,-4.5,2.2,-0.8,-3.8,1.9,0.6,0.8,1.6,9
2019,1,-11,7,-15.9,-1.1,-6.1,-0.1,4.4,-3.2,2.7,-1.9,1.4,6.1,-3.1,-2.2,-8,0.5,-2.3,15
2019,1,7,-1.1,2.6,1.3,0.2,-2.2,2.8,2.6,4.6,-1.6,-8.5,-2.3,4,6.2,3.2,-3.9,-3.5,19
2019,1,-9,4.3,-7,-2.1,-1.5,2.1,1.2,5.5,4.8,-0.1,8.2,-0.5,-1.2,-0.7,-1,-2.7,-1.6,7
2019,1,-15,18.7,-20.2,4.8,-7.8,-4.8,-1.2,2,-6.4,-0.4,-3.5,2.6,-0.4,10.4,-7.9,-3.8,-4.9,38
2019,1,-5,-3.5,-7.5,-6.2,-2.8,4.2,-1.9,8.8,-0.2,4.3,-0.8,0.8,3,-8.4,-2.5,-2.1,-2.5,2
2019,1,-15,11.9,-19.6,0.1,-8.6,1.8,5,14.9,3.6,1,-2.5,-8.2,-4.9,5.9,-7.6,-5.9,-7.1,23
2019,1,-5,4.9,-2.3,2.8,-1.2,-2.7,1.3,0,0,-11.1,-6.7,0.4,0,4.9,2,0.1,-4.1,17
2019,0,0,2.8,4.7,5.2,0.8,2.3,-4.5,-0.2,-1.1,-7.4,-16.8,5.3,0.8,1.8,-2.4,7.7,4.1,6
2019,0,0,5.6,3.3,7.7,-1.9,-0.5,-4.6,-1.6,-4.2,-4,-6.5,0.8,1.3,9.1,-4.3,4,1.5,11
2019,0,0,8.5,0.9,3.6,3.7,-7,-3.1,-14.1,-1,-1.3,-4.9,6,5.3,0.8,1.7,5.2,5,4
2019,0,0,1.3,-1.9,-1.3,-2.2,4.4,-2.2,9.9,-2.5,14.3,-1.1,-3.9,-0.5,0.1,-3,-2.2,-0.8,9
2018,6,-2,14,3.7,5.6,0.8,1,-1.3,4.1,2.2,-1.3,-3.3,11.9,2.6,4.3,2.2,4.9,-1.5,17
2018,5,-8,3.9,-5,-3.8,0.3,-5.1,0.1,3.4,-1,-1.5,4.8,-6.6,1.7,-1.9,-0.3,-4.6,1.2,12
2018,5,0,6.2,-2.3,2,-0.6,-1.6,0,0.2,-4.1,2.4,2.1,7,3.4,3.4,0.4,0,-1.6,16
2018,4,-2,15.6,2.6,7.5,2.1,-2.8,-3.5,-3.3,-1.6,-9.9,-11.3,7.5,4.4,7.9,3.9,4.2,-0.6,12
2018,4,-1,-0.2,3.4,1.6,2.7,-0.9,0.9,-9.4,1.2,-7.6,2.3,-0.1,-1.5,-0.4,3.2,2.9,1.3,4
2018,4,2,1,1.7,5.1,-1.7,1.9,-2.2,-3.8,-6,-1.6,-11.6,-0.8,-2.8,3.2,-1.8,5.7,-1,16
2018,4,-6,1.3,-6,0.7,-0.7,-3.8,0.1,-6.8,-4.9,-6.3,-2.4,-3.1,0.7,1.1,1.4,0.2,-2.3,4
2018,3,4,-8.3,-7.3,2.9,-2,5.6,1.4,-4.6,-3.4,-4.1,-4.9,-1.7,-0.5,4.5,-3.6,0.6,0.3,1
2018,3,4,-6.4,-2,0.8,2.3,-1.4,4.8,-9.8,0.9,-10.2,4.5,3.6,4,2.2,0.9,-1.6,2.9,3
2018,3,-4,3.2,-4.4,2.5,0.8,-5.2,4.2,-8.4,-2.4,-1.3,2.4,-0.1,3.3,2.2,1.1,2.3,0.6,27
2018,3,5,-4.2,1.5,-3.8,1.3,1.7,2,-0.7,6.7,4.9,3.3,-1.7,-0.2,-4.6,1.3,-1.8,0.5,15
2018,3,-4,9.6,3.3,4.6,1.9,-0.8,0.8,2.2,4.9,-6.5,-2.6,-4.6,1.2,4,4.7,3.5,-1.9,4
2018,3,-9,16.4,0.9,9,0.2,-1.6,-2.2,4.1,-0.4,-5.9,-9.1,-2.5,-0.3,9.4,0.3,5.5,0.2,4
2018,3,-4,7.5,-1.8,9.1,-1.4,-1.5,-5.1,-7.4,-3,-1.9,-17.4,1.3,3.5,10.2,3.6,4.8,-6.3,12
2018,3,1,-10.5,-4.3,-5.7,-0.6,2,4,4.9,0.7,3.7,13.8,-3.9,1.4,-3,-0.4,-6.1,-0.9,13
2018,2,8,-3.7,3.3,6.9,0.7,1.2,-1,-11.3,-5.2,-3.3,-12.4,-3.1,-0.6,9.3,1,1.8,0.2,1
2018,2,-1,1.3,0.6,2.9,-1.6,-1,-0.5,2.8,-2.1,1,-0.4,-2.3,1.4,3.5,-2,1.5,-0.1,6
2018,2,-7,4.3,-1.9,4.6,-1.2,-1.2,0.5,-4.9,2.8,-8.2,-5.2,1.1,-1.1,3.6,-1.4,3.6,-0.5,4
2018,2,-5,12.7,-4.3,4.8,-4,2.2,-5.3,7.8,1.8,4.5,-18.3,1.3,-0.6,5.6,-5.2,2,-1.2,25
2018,2,-8,1.3,-7.1,-3,-2,2.1,-1.3,3.8,1.9,14.1,-7.2,-0.1,-4.7,-3.1,-0.4,-1.4,-3,20
2018,2,-3,-0.5,-3.6,0.6,2.2,-3.5,0.4,-8.3,-0.9,-1.9,-11.6,-5.8,1.8,4.2,3,-3.5,0.9,1
2018,2,-8,20.5,-1.3,7.6,0.7,-5.3,-0.5,0.2,-3.8,-12.5,-9.8,10.9,6.2,5.5,2.1,7.5,-1.1,23
2018,2,-3,-2.5,-2.4,1.2,-2.3,3.5,1.7,4.2,-1.8,6.7,5.6,-1.5,-2.8,3.5,-1.5,-1.1,-2.9,3
2018,2,-8,7.2,0.4,3.7,-4.9,0.1,-1.8,0.4,3.4,9.5,-11.1,-3.3,-5.4,-0.2,-4,6.3,-4.1,3
2018,2,8,-12.9,-2.3,-10,3.5,-0.1,4.9,-2.3,3.8,4.6,0.7,-1.1,0.3,-8.6,6.7,-8.4,-1.9,2
2018,2,5,-9.5,-2.3,-0.6,-3.2,2.5,-1,-3.5,1.8,4,1.6,-8.2,0.1,1.5,0.4,-3,-5.4,21
2018,2,5,7,15.1,3.6,6.1,-3.5,-3.6,-11.8,1.1,0.3,3.3,5.1,2.5,1.9,9.3,3.9,0.8,2
2018,2,1,-1.4,-3.9,2.1,-2.5,1,-3.3,-4.9,-1.7,-6.3,-10.9,-1.9,-2.1,2.9,-3.8,0.9,0.1,31
2018,2,-7,7.3,-8.5,0.4,-2.5,0,0.9,0,3.6,3.6,6,8.6,5.1,5.3,-2.1,-4.1,-2,7
2018,2,8,-7.9,-1,-2.7,-1.5,0.6,3.7,2.1,6.7,-4,6.8,-8.8,-4.6,-2.3,-4.4,-2.2,2.1,5
2018,2,-8,12.4,-6.8,-4.3,0,-0.7,4.9,14.6,-2.2,-1.8,15.2,0.2,2.6,-6.7,-3.3,-0.6,3,23
2018,1,15,-12.5,15.4,-0.5,7.3,3.2,-0.2,-1.1,2.7,5.7,4.6,-10.6,-5.1,-2,8.2,-0.1,4,20
2018,1,1,-6.8,-3.7,-4.8,-1,1.6,5.8,3.4,7.3,7.3,12,-1.6,1.2,-5.3,-1.1,-3.1,-0.6,10
2018,1,-7,-1.1,-6.7,-5.6,-4.4,4.1,0.6,13.1,7.6,19.4,2.7,-10,0.7,-5.3,-2.3,-3.2,-4.9,5
2018,1,9,-2.3,2.4,-1.5,-1.1,-1,1.4,-1.3,4,-7,8.3,-6.2,0.5,-2.4,0.7,0.2,-2.7,21
2018,1,5,-2.7,-1.1,4.6,-1.6,2.3,0.6,-7,-2.3,3.1,-2.9,6.4,-0.8,4.4,-1.7,3.4,-0.8,2
2018,1,-11,14.8,-5.1,2.2,-1.6,-0.7,-0.6,4.7,5.8,0.2,7.7,4,-0.8,-0.4,0.3,4.5,-2.9,26
2018,1,-3,9.5,8.9,4.8,1.1,-3.5,0,-2.7,0.2,3.3,3.9,7.8,-0.3,0.9,3.2,7.2,-1.5,4
2018,1,-13,3,-13.9,-2.7,-3.8,0.3,1,12.9,-5.2,5.1,-11.8,0.8,-1.5,-0.7,-2.6,-3.4,-2.9,15
2018,1,-15,16.3,-14.9,5.4,-1.3,0,-0.5,1.7,-9.4,-1.9,-5.6,5.4,9.3,7.4,0.4,1.3,-3.2,19
2018,1,1,2,0.3,-0.9,1.7,-3,3.4,2,1.9,-1.3,2.1,-5.2,-0.7,3.3,0,-4,2.8,13
2018,1,-7,2.1,-6.7,-0.2,-1.3,3.1,3.7,5.6,1.9,-4.3,3.9,-3.5,-1.5,4,-3.7,-4,1.5,8
2018,1,-9,13.9,-0.3,5.3,-0.4,-3.7,-4,-0.7,-0.8,6.1,-10.1,1.1,-1,7.1,-3.2,1.8,3.1,4
2018,1,-5,4.7,-0.8,1.6,-3.1,0.5,0.1,2.2,0.8,-2.5,12,0.3,-2.4,-1.5,-4,4.6,-0.9,2
2018,1,-11,7.7,-8.1,2.7,-0.7,-3.4,-1.7,-8,-1.2,-7.6,-11.4,-5.6,0.1,3.3,0.5,1.5,-2,14
2018,1,-3,2.7,-1.2,1.8,-3.4,1.8,-3.7,5,-1.7,-6.6,-4.2,-4.3,-4.3,3,-5.8,-0.3,0.4,4
2018,1,-13,17.4,-4.7,0.5,-1.9,-3.3,-3.6,10,1.2,-12.6,-12.4,1.5,-1.3,-2.2,-7.5,3.2,4.2,18
2018,1,-15,26.9,-8.8,10.2,-1.6,-3.7,-2,-2.4,-0.9,-1.8,-5,4.4,-1.2,11.9,0.1,5.1,-2.9,26
2018,1,1,-7.3,-3.2,-5.8,-2.6,3.3,0.1,5.5,1.5,5.4,7.1,-3.9,-1.2,-3.8,-2.3,-6.2,-1.9,3
2018,1,-7,10.2,-4.9,-4.6,2.7,-1.1,5.3,4.1,2.5,-6,13.6,3.5,-0.9,-5.6,-2.2,-1.9,7.1,17
2018,1,9,-12.5,0,-0.4,0.5,0.7,2.1,-13,9.7,-1.7,-4.3,2.5,-4,1.7,2.7,-2.2,-1.3,6
2018,1,-5,5.7,-5.8,-0.8,-0.3,-2,-0.4,-0.6,1.4,-7.9,-6,-3.3,1.6,-0.9,-3.1,-1.6,3.2,15
2018,1,-11,8.4,-5.8,-1.1,-3.3,-2.9,-4.2,0.9,0.2,-1.2,-12.3,0.4,1,-0.6,-2.3,-1.5,-3.3,10
2018,1,3,-0.6,-5.1,0.2,1.5,0.6,0.1,-1.2,-7.1,-11.3,-5.5,9.5,1.6,3.1,1.3,-3.8,1.6,17
2018,1,-13,21.6,-6.7,6.1,-1.2,-4.9,-0.5,2,-0.9,-10,-11,1.1,-6.9,2.1,0.5,8.2,-3.2,26
2018,1,-15,18.5,-1.3,4.6,2.1,0,1.2,5.6,8.6,-6.4,-7.2,5.2,-3,2.3,0.6,5.3,3.3,16
2018,1,-1,2.2,-3.1,-0.5,-1.3,1,-2.7,0.9,-3.6,1,-3.9,0.2,2.1,-0.1,-3.6,-0.7,2.2,11
2018,1,-7,5.7,-2,1.3,1.2,0,-1.6,-6.6,3.8,4.4,-5.8,11.2,-2.1,-0.4,-1.8,2.6,4.1,11
2018,1,-9,7.3,-7.2,-1.9,-0.2,1.3,2.9,6.6,0.1,3.2,6,1.2,-1.8,-3.3,-1,-0.2,0.5,4
2018,1,-5,13.5,8.4,9.6,6.1,-1.3,-2.1,-0.5,-4.3,-6.4,-0.9,-2.9,0,8.5,5,7.7,5.8,5
2018,1,-11,10.7,-7.1,3,-5.1,2.2,-2.4,10,-0.9,-6.7,-3.8,2.8,3.3,0.2,-8.6,5.3,0.6,4
2018,1,-3,-4.9,-2.2,-2.4,-0.6,-2,5.8,2.6,-1.8,-3.1,15,-4.9,3,-2.9,1.5,-0.7,-3,5
2018,1,-13,13.5,-14.6,2,-6.1,1.5,-1.5,14.3,-0.8,4.4,-6.3,-2.8,6.9,4.5,-6.3,-1.1,-3.8,22
2018,0,0,9.7,2.1,0.1,2.7,-3.6,-0.6,-4.4,2.8,12.6,-3.1,4.3,-6.1,-2.8,1.3,3.6,3.8,18
2018,0,0,-0.4,-7,-2.8,0.1,-0.8,3.7,2.6,-1.8,-7.5,-0.1,3.9,6.5,-5.2,-1.6,0.4,1.8,10
2018,0,0,-4.3,-1.6,-2.1,-0.1,-0.3,5.9,0.8,2.2,5,8.7,3.2,1.4,-2.9,2.4,0.5,-2.6,7
2018,0,0,-9.8,-10.1,-6.9,-4.4,4.4,-0.9,6.7,-0.2,-0.8,-1.3,0.2,1.3,-6.6,-5.1,-4.7,-2.4,4
2017,6,0,3.1,5.2,-4.9,7,0,1.5,11.3,-1.2,-4.7,4.7,-1.5,6.9,-5.3,6.3,-2.7,4.9,6
2017,5,-6,9.1,-2.8,9.3,-4.4,-2.2,-7.2,-4,-5.4,-1.2,-17.6,1.6,-6.6,10.4,-5.4,4.8,-1.6,4
2017,5,-2,3.1,-2.4,-3.8,1.7,-0.9,-0.7,8.9,-4.5,-0.1,5.3,-0.6,0.8,-3.5,0.2,-2.5,2.7,1
2017,4,-10,2.2,-11.7,4.7,-10.5,-2.2,-0.4,-4.5,0.7,-2.1,-6.5,2.9,-4,4.3,-12.5,3.7,-4.4,24
2017,4,2,-3.7,-0.8,-0.6,-1.7,-0.5,0.7,-1.7,-0.2,-1.6,-3.7,3,0.4,0.9,0.8,-2.4,-4.4,14
2017,4,3,-7.9,0,-4.3,-0.3,1.5,3.3,1.9,2.1,0,10.5,-2.8,1.8,-4.4,-0.3,-2.5,0.1,7
2017,4,-1,2.5,0.1,-1.2,0.6,0.5,-0.6,7.8,-2.7,-6.6,-1.9,-0.2,5.1,-1.9,-2,0.2,3.3,2
2017,3,-4,2,-3.1,-0.5,-1.7,-0.1,1.5,-3.8,3.6,7.3,6,8.5,-3.3,-0.8,2.6,0,-7.1,1
2017,3,4,-7.6,-5,-5.2,-0.6,-2.2,7.2,-5.8,2.2,6.3,14.4,-1.8,-0.1,-6.3,0.4,-1.9,-1.6,20
2017,3,-3,4.9,1.5,0.4,0.4,-0.7,2,3.3,5.3,2.7,7.1,-7.9,0.8,0.9,-1.3,0.1,2.4,32
2017,3,-4,-5.5,-3.8,-1.5,-5.5,2.9,-0.2,7.7,-0.5,4.3,-0.9,-7.1,3.6,-1.8,-3.9,-0.5,-6.6,1
2017,3,-3,2.5,-3.1,5.3,-7.7,-0.8,-10.5,-7.9,-5.7,0.1,-15.6,3.2,-2.5,6.5,-6.5,2,-6.3,3
2017,3,9,-2.1,2.4,-1.8,3.9,1.8,0.1,1.3,-0.5,0.6,4.8,-7.7,1.4,0.5,4.1,-4.5,2.4,2
2017,3,-3,3.2,-5.4,-2.9,-2.7,1.2,-1,14.1,-2,-2.8,-5.4,-3.9,3,-3.5,-5,-1.1,0.6,12
2017,3,-1,-4.4,-8.2,-6.9,-1.2,0.6,3.4,4.4,-0.9,14.1,8.1,-3.4,-0.3,-6.2,3,-5.3,-5.9,11
2017,2,7,-7.6,-0.4,-5.4,-0.6,-0.1,-0.6,5.7,-1.9,-2.1,5.9,-14.6,3.6,-8.1,-6,-1,6.5,3
2017,2,-1,-4,-7.1,-2.3,-0.3,3,8.9,10.6,1.1,10.3,15.8,-11.5,-5.4,-1.1,-1.7,-2.2,1.5,12
2017,2,-1,4.8,2.1,-0.8,-0.3,1.3,0.3,3.8,5,14.2,0.2,2,0.7,0.6,0.6,-2.6,-1.2,26
2017,2,8,0.2,2.7,-1.8,3.7,2,-2,0.7,-4.3,2.7,-3.9,-0.1,-1.7,-2.4,7.1,-0.2,-1.5,25
2017,2,-7,6.6,-8.6,6.9,-5,0.2,-0.8,-0.8,-4.4,8.5,-9.2,-3.1,-1.1,7.5,-4,4,-4.3,6
2017,2,-5,-0.5,1.8,-4.1,2.4,-0.9,2.1,0.1,4.1,12.7,2,2,-0.7,-5.4,3,-0.4,1,9
2017,2,-1,-3.3,-3.1,0.7,-1.3,4.2,-2.9,5.1,-7.2,5.7,-2.7,5.7,0.3,0.9,-0.9,0.3,-1.4,4
2017,2,-8,6.3,0.2,0.5,2.9,-0.6,-0.2,-2.9,3.2,7.1,-1.2,4,-1.8,0.9,4.2,-0.3,0.5,9
2017,2,5,5.8,6.2,5.6,6.2,-1.8,-0.1,-12,1.5,-3.9,-11.6,9.3,-1.2,5.8,5.2,3,6.2,4
2017,2,-8,1,-0.9,-1.3,3.7,-0.5,-0.1,-0.7,3.5,0.5,-1.6,-2.5,-2.2,2.2,6.3,-4.9,-0.6,3
2017,2,-8,9.9,-0.2,2.1,1.4,-2.9,2.7,4.9,2.4,2.5,-4.7,0.8,-1.1,0.7,1.2,3.1,1,20
2017,2,-7,6.1,-8.4,0.3,0.3,-0.4,0.1,9.4,-9.2,-3.8,-7.5,-5.9,2.2,1,-0.4,-1,0.7,7
2017,2,-8,6.5,-0.2,4.7,1.4,0.7,-0.1,-0.4,-0.2,-4.8,-18.7,4,1.1,3.3,0.7,4.7,1.7,3
2017,2,-8,2.9,-6.6,0.3,-4,4.9,-0.8,8.8,-2,-2.9,6.1,-2.2,0.8,1.2,-2.2,-0.9,-4.6,4
2017,2,5,-13.4,-6.5,-7.5,-1.9,2.1,7,2.3,1.8,0.9,13.3,-6.1,1.4,-7.6,-3.5,-4.5,1.3,7
2017,2,-3,7.5,7.5,7.8,3.5,-0.2,-4.4,-6.4,-0.8,-5.7,-3.7,5.2,-5.7,7,3.9,6.1,2.1,12
2017,1,-7,11.5,1.1,0.4,0.4,-1.2,-1.5,3.2,6.1,4.2,-5.3,6,3.9,0.4,1.3,0.8,-0.7,2
2017,1,-9,7,-9.6,-4,0.8,-1.9,7.9,11.1,4,1.7,9.4,0.4,2.3,-4.5,0,-1.7,1.1,6
2017,1,-7,-6.3,-18,-2.6,-7.1,1.7,0.6,-4.2,-4,-4.8,-5.8,2.1,-0.7,-6,-9.1,2.4,-2.3,5
2017,1,-9,9.1,-8,-4.2,-2.9,-3.9,-1,2,2.1,-2.6,-4.2,3.2,-2,-4.7,0,-2.3,-4.9,15
2017,1,-15,9.5,-23.4,3.4,-12.7,-2.2,0.9,2.9,-2.7,-0.9,-0.2,-4.9,-6.1,3.6,-12.4,2.4,-7.9,20
2017,1,-1,-1.2,1,-2.4,-2,-2.2,1.8,6,3.6,-4.3,5.4,-2.9,-3,0.7,-2.8,-3.4,-0.5,2
2017,1,-3,10,-2.1,6.8,-2.2,-0.3,-5.7,1.8,-5.6,-8.6,-14.3,4,-0.6,5.4,-0.6,6.3,-3.8,8
2017,1,-13,14.5,-6.9,0.3,-3,-1.7,-2.2,7.2,-1.8,4.4,-11.1,3.9,-0.9,0.1,-1.6,0.3,-3.8,18
2017,1,-7,5.9,-4.4,2.5,0.7,-1.4,3.6,-4.7,5.3,-13.7,-2.6,-0.5,1.2,2.6,-1.8,1.8,3.6,11
2017,1,-9,6.3,-4.9,0.4,-0.9,1.3,-3,1,-2.7,-1,-3.6,5.8,0.2,-2.8,-0.3,3.6,-1.7,10
2017,1,7,2,3.7,5.4,2.8,-0.5,2.2,0.4,-6.4,-9.6,9,-1,3.3,6.1,2.6,2.6,1.9,9
2017,1,-9,12.1,-4.4,1.1,4.1,-2.8,1,0.9,-1.4,-1.1,2.5,2.5,-2.4,3.6,5.4,-1.3,1.2,12
2017,1,-15,23.1,-9,6.5,-1.8,-2.1,-1.6,7.1,-7,2.6,-10.5,11.7,4.3,9.8,-0.4,1.1,-3,20
2017,1,-1,-3.7,-10.4,-4.8,-3.5,-0.2,3,12.5,-4.6,-8,0.7,-9.3,2.2,-3.5,-5.9,-4.4,1.3,10
2017,1,5,2.2,0,-0.5,4.1,-0.6,-0.5,4.1,-6.8,2.6,0.8,-1.4,-0.6,1,6.9,-1.8,-0.8,11
2017,1,-11,7.3,-8.1,-0.2,-1.4,-1.5,2.1,0,0.2,4.6,1.4,-0.7,3.3,-1,-5.6,1,3.9,6
2017,1,5,-6.8,6.5,-2.4,4.1,-1.2,-0.4,-6.2,5,0.8,-0.6,4.5,2.5,0,3.1,-4.4,4.7,1
2017,1,-11,6.7,-8.3,-0.2,-1.8,1.1,-2,4.2,0.9,-9.4,-5.1,1,4.1,-2,-4.1,1.8,1.9,18
2017,1,-15,23.9,-6,7.7,-0.6,-2.7,-1,5,1.4,-4.8,-3.1,0.7,0.1,6.7,-3.2,5.9,3,38
2017,1,1,0.9,1.7,3,-0.9,1,-2.4,-4.2,-0.9,-0.8,6,-4.8,-1.3,3.1,-2.5,1.7,1.6,20
2017,1,-3,-13.1,-12.9,-10.2,-6.7,1.1,6,6.9,2.4,9.2,8.8,-8,2.7,-6.8,-5.2,-9.5,-6.2,20
2017,1,-13,13.2,-10.8,3.2,-2.7,-1.5,-0.3,0.9,0,-0.8,-1.6,3.7,-1.4,2.6,-0.6,2.8,-4.8,22
2017,1,-15,19.8,-14.9,3.6,-1,-0.4,-0.6,9.6,-9.9,-10,-0.7,-3.3,4.4,1,-3,5.9,1.4,39
2017,1,-1,5.8,4.2,1.5,-1.2,-2.9,1,-3.8,8.8,0.5,3,11.8,-1.4,0.4,-1.3,2.7,-0.9,6
2017,1,5,-3.2,-1.2,-6.8,-4.9,-0.7,0.1,8.6,0.1,11.3,15.7,-1.5,1.9,-5.2,-4.8,-6.5,-3.5,12
2017,1,-11,8.3,-11.9,2.1,-3.6,0.6,1.3,5.4,-2.6,3.4,-7.1,-6,2.4,5.2,-1.6,-1.7,-4.9,16
2017,1,-5,3.1,-2.3,-0.7,-4.4,-3.8,-1.9,6,-2.9,-8.6,-4.3,-0.9,0.7,0.3,-4.1,-1.7,-3.8,14
2017,1,-11,18.4,-3.2,11.6,-1.4,-2.8,-3.2,-9,-1.2,-5.7,-8.9,2,-2.3,10.6,-3.2,8.9,1.2,17
2017,1,-3,-3.4,-4.8,3,-1.3,-4,-0.8,-13.6,-1.9,-7.3,-18.2,-0.9,-4.2,5.9,-2.4,-1.8,1.4,1
2017,1,-13,12.8,-12.7,-1.2,-3.7,-4.7,3,5.5,0,0.6,4.4,-3.3,-2.6,-0.3,-0.3,-1.7,-6.2,15
2017,1,3,6.3,-4.7,0.6,-3.9,-0.7,-1.6,8.6,-3.2,-3,-0.1,3.6,-1.4,-0.3,-5.2,1.8,-1.1,6
2017,1,-13,12.6,-12.7,0.5,-2.2,-3.1,2.2,2.3,1.3,4.4,3,2.4,-3.7,1.3,-1.9,-0.4,-1.8,9
2017,0,0,-0.8,0.4,0.8,-0.4,-4.5,-0.7,-13,2.2,-10.4,-2.1,-3.4,-2.8,-2.2,-2.3,5.1,2.2,1
2017,0,0,-10.1,-8.4,-1.4,-3.1,2.7,5.9,-1.2,4.6,0.4,-4.6,-8.3,0.5,-0.3,-6.6,-2.3,2.4,7
2017,0,0,-4.1,-0.4,-2.9,3.4,2.5,-0.2,-2.5,-2.9,6.6,5.1,-2.3,7.5,-5.8,2.4,1.8,3.4,4
2017,0,0,5.2,6.2,0.8,0.5,-2.7,-2.4,4.6,2.8,-1.3,-6.5,5,4.1,1.9,-2.7,-0.9,4,4
2016,6,1,-0.3,-4.1,3.5,-1.4,0.9,2.4,-12.5,-0.6,1.8,-0.4,3.5,-3.5,3.5,-0.5,3.5,-2.3,3
2016,5,0,4.9,-2.5,1.8,-0.5,-2,2.9,-3,-1.1,1.1,1.7,6,-1.6,9.2,-1.2,-6,0.2,44
2016,5,-9,11.8,1.4,2.6,0.8,-2.7,-2.2,7.2,-5.3,-3.1,2.4,5.9,3.1,6.7,-3.5,-3.3,5.5,17
2016,4,1,0,-2.6,2,-1.7,2.2,-2.5,-2.9,0,-7.3,-3.7,0.6,-2.2,-4.4,-0.8,7.8,-2.5,12
2016,4,1,2.4,0.6,0.4,1.6,-1.5,2.1,-4,1.5,-4.5,-7.3,6.9,-6.1,4.7,0.7,-5.1,1.4,5
2016,4,9,-8.3,2.6,-4.8,-1.1,3,1.6,3.6,10.1,3.3,-5.4,-6.4,-3.6,-5.4,1.8,-4.3,-4,6
2016,4,-5,5.3,-8.3,-1.4,-1.4,0.1,3.4,8,-2.1,-0.6,4.4,0.5,-3.1,1,-1.9,-4.7,-0.7,14
2016,3,-3,-2.8,-2.9,-1.4,-0.6,1.8,2.8,0.9,-4.2,-0.3,6.7,-0.7,1.9,1.6,-2.8,-4.1,2.2,14
2016,3,-1,5.2,1.2,3.1,-0.2,0.9,-3,-3.6,1.3,-5.1,-4,5,2,-3.1,-0.3,8.1,0.4,14
2016,3,-3,-1.3,-8.1,-2.3,-1.4,-0.6,2,3.7,-4.9,6,8.5,5,1.4,-4.1,-3.2,1.6,1.2,13
2016,3,-1,-5.9,-0.9,-5.2,2.5,1,5.3,1.4,9.3,1,-0.1,-7,-3.8,-7.1,3.7,-1.8,0.4,3
2016,3,-4,5.6,-6.1,0.5,-1.4,-1.1,2.1,3.1,-2,1.6,10.3,-5.6,1.1,-3.1,-2.1,5.1,0.4,16
2016,3,-1,3.7,-5.7,1.9,-1.6,-0.2,3.2,-1.9,-0.1,-6.6,0.9,3.3,-5.5,4.2,-2.8,-1.3,-0.5,23
2016,3,-4,2.2,-3.4,-6.1,-1.7,-4.2,-0.7,3.5,0.8,-1.6,0.2,1.6,1.6,-2.2,-4.4,-8.9,1.9,15
2016,3,-1,9.5,9.9,5.5,1.4,-1.8,-3.8,-0.4,4.4,-5.1,-7.6,3.9,1.9,6.3,1.7,2.5,-0.5,5
2016,2,-8,10.2,-3.2,4.2,0.6,1.5,0.3,3.6,-1.2,9,1.9,-8,6.2,2.8,1.4,4.8,-0.1,12
2016,2,-8,9.2,8.7,5.3,3.6,1.8,-5.8,-1.6,5.9,3.3,-16.3,3,0.6,4,4.8,5.2,1.7,8
2016,2,-8,11.9,3.5,1.5,2.8,-5.6,-0.4,-6.1,10.4,-1.1,-8,5,-1.6,-0.4,3.4,2.5,1.3,7
2016,2,-8,14,-0.2,4.6,-1.2,-0.7,-2.4,10.3,-0.3,-5,2.4,2.2,-2.3,5.9,-5.2,0.6,3.9,19
2016,2,1,-1.8,3.2,5.2,5.3,3.4,0.9,-0.3,-2.7,-3.9,-10.6,4.1,-2.1,3.2,6.3,5,1.7,6
2016,2,-8,1.7,-7.7,2.2,-1.3,0.6,0.2,-2.3,-2.3,-7.2,-2.4,2.1,-0.8,2.7,-2.8,1,0.9,8
2016,2,-8,13.4,2.9,5.2,3.9,0.1,-4.2,-0.5,0.6,-5.4,-13.4,-2.4,0,7.8,3.8,0.5,2.6,17
2016,2,8,1.9,-2.8,0.1,-3.2,-1.1,-0.2,2.9,-1.8,-3.5,5.1,3.4,-2,-1.2,-0.1,1.5,-6.8,23
2016,2,-5,8.4,-4.8,4.8,-1.3,1.5,1.8,-3.7,-1.9,1.1,5,6.5,-2.1,8.7,-4.6,-1.2,2.6,19
2016,2,-8,8,7.4,-0.8,0,-2.4,-11.1,-0.8,1.4,-1.4,-14.2,-0.6,5,-1.6,-3.2,0.5,4.1,1
2016,2,-8,6.2,-0.7,3.3,-2,2,-3.7,-2,2.8,0.8,-8.5,3,-0.1,-1.9,-3.3,7,0,4
2016,2,-5,7.7,-5.6,-1.7,-2.1,1,1,4.8,9.6,0.5,-14.4,8.2,0,-0.6,0.1,-3.2,-4,25
2016,2,-8,8.2,1.5,3.3,1.6,0.8,-3.4,-1.3,3.5,-8.4,-13.2,8,-0.1,1.7,0.7,4,2.1,13
2016,2,-8,3.2,-4.3,-2,-1.3,2.2,2.2,17.1,1.8,4,7.5,-8.6,-6.1,0,-3.3,-3.1,0.9,4
2016,2,5,-8.3,-0.8,-2.9,0.3,-0.3,-0.7,-2.1,1.7,-3.7,0,-2.7,1.1,-3.2,-3.8,-1.4,6.3,3
2016,2,-7,4,-1.6,1.1,0.8,1.8,4.1,5.8,4.7,2.9,7,0,0.1,0.3,-3.1,1.7,5.1,5
2016,1,-13,21.7,-8.5,6.5,-2.6,-2.3,-1.6,-3.4,0.1,-7.7,-3,8.1,-4.2,7.2,-8,4.1,4.3,30
2016,1,-3,8.4,-1.7,4.3,1.6,1,2.6,2.8,1.6,6.4,-3.7,3.3,-5.9,3.8,2.4,3.7,0.1,2
2016,1,-11,14.2,-5.7,4.6,-1.5,-2.3,-0.3,-1.7,0.8,-0.9,-8.7,3.9,0,4.2,-1.9,3.8,0.1,7
2016,1,9,-5.4,2.1,-0.3,0.6,0.4,5.7,-2,1.1,3.7,2.7,3.3,0.4,3,3.3,-4.1,-4.7,11
2016,1,-7,4.5,-4.5,3.9,-1.5,1.8,-0.8,-3.3,4.4,-3.2,-13.2,2.2,-1.6,6.1,-1.6,0.1,-1.2,5
2016,1,1,2.8,-1.6,3.1,-2.3,-2.5,2.8,-6.2,4.3,-10.9,-0.3,6,-2.7,6,-2.3,-2.1,-2.7,7
2016,1,-15,17.1,-18.6,4.4,-8.7,-2.4,-0.1,0.3,-2.1,-8.4,6,4.3,1.5,1.7,-9.9,6.6,-3.9,26
2016,1,-13,14.5,-2.1,5,2,0.1,-3.8,-2.9,0.8,-5,-13.8,6.8,0.3,-0.3,2.5,7.9,0.3,14
2016,1,3,2,-4,1.2,-0.3,-0.3,1.9,4.2,-4.5,-4.6,-2.5,1.2,-1.5,3.2,-1.4,-2.2,1.3,8
2016,1,-11,6,-11.8,1.4,-4.1,1.6,-0.4,3.9,-2.8,-4.1,-3.5,1.6,-5.9,2.8,-4.4,-0.9,-3,27
2016,1,5,-2.1,0.5,3.8,1,-0.2,0,-13,-4.6,-5.4,-13.6,9.2,2,2.8,3.1,3.1,-2.1,3
2016,1,-9,11.5,-1.9,2.5,2,-1.6,-2.5,1.1,4.6,5,-29.9,1.8,-2.7,0,2.8,4.1,0.1,8
2016,1,7,-8.9,-4,0.6,-4.5,1.3,-2,-0.7,-4.5,3.1,-5.3,-5.2,-0.6,1.6,-3.6,-1.4,-4.2,4
2016,1,-1,4.1,4.1,1.9,2.5,-2,-4.2,-8.4,-4.8,4.2,-2,1.1,1.9,4.6,7.9,-2.1,-4.6,2
2016,1,-13,15.1,-5.1,-3.1,0.4,-2.2,3.7,9.3,0.4,-4,5.5,5.6,2.6,-5.5,3.4,0.8,-4.5,18
2016,1,-3,-5.4,-3.4,-2.6,-1.9,-0.4,1.7,-3.8,0.2,1.9,1.2,-5.3,4.6,-3.8,-3.6,-0.1,2,4
2016,1,11,-4.7,5.4,5,1.1,-2.3,0.9,-8.5,3.6,-11.9,-15.1,7.5,-3.6,4.2,2,4.4,-0.3,14
2016,1,-9,18.2,-4,1.3,-3.1,-1.1,-0.4,2.7,5.9,5.6,13.2,1.9,-1.4,2.2,-3.1,-0.6,-1.5,28
2016,1,-7,15.5,-2.3,7,-0.7,1.6,-1.3,4.9,0.2,-7.7,-0.7,-0.4,0.6,5.4,-1.5,6,0.6,25
2016,1,1,-4.2,-3.5,-4.2,2,-0.5,3.9,-1.7,-1.3,2.2,-0.3,4.9,1.7,-1.4,3.2,-6.6,-0.2,1
2016,1,-15,20.5,-7,1.1,0.4,-1.8,2.3,9,2.5,-5,-4.9,10.5,0.3,2.4,-3.7,-1.5,5,16
2016,1,-15,21.5,-16.2,8.1,-0.2,-3.6,2.1,-4.6,-2,-9.2,-2.3,9.6,-2.4,5.3,-1.2,9.8,0.9,36
2016,1,1,5.4,-0.2,2.6,0.1,-3.3,-0.4,0.9,-4.8,-2.9,2.9,-1.1,0.5,0.7,1.9,4.7,-1.8,10
2016,1,7,-9.4,2.9,-1.7,1.6,-2.1,7.3,-8.3,6.1,-3.9,10.2,-1.8,-1.3,-3.9,2.8,1.5,-0.5,2
2016,1,-9,11.9,-2.8,3.3,1,-1.9,-2.4,-3,-0.9,-6.3,-11.4,-0.9,-1.1,4.2,3.5,1.7,-2.3,13
2016,1,5,6.9,3.1,5.4,-0.6,-2.3,-4.4,-2.6,-4.8,-6,-5.7,10,2.5,5.5,0.1,3.1,-1.4,16
2016,1,-11,9.3,-2.7,6.7,-0.8,3.1,-5.7,-0.8,-1.9,0.2,-23.4,2.6,2.7,8.5,-3.9,1.9,4.1,11
2016,1,3,6.2,1.1,-1.6,0.4,-0.5,2.4,4.8,11.1,-5.4,-4.8,2,-0.1,-4.3,4.4,1.6,-4.2,19
2016,1,13,-18.6,3.2,-4.6,6.1,-0.5,5.2,-8.4,1.4,4.9,8.3,-12.3,-4.8,-3.6,6.3,-4.2,3.7,9
2016,1,5,-5.7,-7.8,-4.7,-1.5,-3.5,7.2,-3.3,-1.3,-6.4,16.1,-0.2,-0.2,-3,-3.6,-5.8,1.1,10
2016,1,-15,21.1,-10.5,4.4,-4.3,-0.7,0.6,11,0.9,4.2,-1.4,2.9,-2.5,5.4,-6.7,1.8,0.5,39
2016,1,-5,4.8,4.1,-0.5,-1.9,0.8,-3.1,7.9,5.7,5.1,-1,0.2,0,0.3,-4.6,-0.6,2.2,7
2016,0,0,-4.1,-5.3,-4,1.6,-2.1,9,4.5,-5.7,-2.4,11,2.4,3.4,-0.9,-0.5,-5.9,3.3,20
2016,0,0,-0.3,-13.2,0.3,-4.7,-0.5,-5.1,3.3,-8.3,4,-11.6,-5.4,-0.6,2,-3.8,-2.2,-4.2,31
2016,0,0,-2,0.6,-0.6,5.3,0.5,0,-5,-1.6,-2,-6.5,1.3,5.7,-0.4,5.1,-1.2,3.5,4
2016,0,0,3.8,-0.4,4.2,3.2,-1.1,-2.5,-3.2,-4.1,-11.8,-7.6,6.4,-2.2,1.5,6.1,5.4,-1.2,5
2015,6,0,-3.7,-3,1.8,-1.2,3.9,2.8,3.7,6.5,3.6,1.5,-6.4,-1.6,1.1,1.6,2.2,-6.1,5
2015,5,0,8.7,9.7,3.3,8.1,-3.9,-5.5,-7.4,-8.1,-7.7,-9.3,3.7,5,3.6,5.6,1.6,10.4,7
2015,5,-6,8.9,-2,3.4,1.6,-1.2,2.1,2.3,3.2,7.1,-15.1,6.7,-2.8,5.1,2.5,0.2,-0.1,20
2015,4,-1,11.3,6.6,1.3,2.6,-4.1,-4.8,-2.4,1.3,-10.9,-14.9,4.4,1.2,1.5,2,0.5,4,7
2015,4,-2,-5.2,-14.8,-6.8,-8.3,1.8,4,11.6,-0.4,7.2,7.6,-1.6,-5.3,-7,-8.3,-4.1,-5.5,2
2015,4,3,6.9,5.2,5.5,0.9,0.3,-4.8,-1.2,-3.8,-6,5.7,-3.6,6.1,2.4,0.5,7.8,1.2,6
2015,4,-1,4.8,-2.4,-1.3,2.3,0.2,1.5,1.9,2.2,1.1,-6.6,1.1,2.7,-1.1,4.3,-1.3,-1.6,14
2015,3,-9,8.6,-3.7,8.3,-4.3,-1.5,-0.8,0.1,-0.6,3,-1.8,1.2,-2.9,9.6,-3.4,3.2,-2.6,12
2015,3,-4,9.9,-9.4,5.4,-13.1,-2.4,-6.7,-0.6,0.7,3.5,-23.8,6.4,-3,5.7,-12.7,3.3,-9.4,39
2015,3,-4,1.8,-8.2,0.2,-4.9,-1.6,1.8,3.2,-4.9,8.6,4,-1.1,2.1,-0.4,-6.2,0.9,-1.1,8
2015,3,-4,-4.6,-9.5,-1.6,-1.5,1.2,6.4,0.8,0.6,3.4,-1.4,-2,-4.3,1.1,-0.3,-4.9,-2.7,10
2015,3,-4,10.3,1.8,1.4,3.5,-1.9,0.3,4.5,1.8,-3.6,-10.4,-0.6,1.2,3.6,4.9,-1.4,0.2,6
2015,3,-3,9.3,1.2,3.2,2.3,-5.8,-1.9,-7.9,-7.5,1,-15.4,6.1,0.9,3.9,-0.9,0.7,7.5,7
2015,3,-4,10.9,7.2,8,2.1,-0.5,-4,-6.6,4.8,0.5,-12.5,3.7,1.8,9.3,4.8,3.6,-2.7,11
2015,3,4,4.9,4.1,3.9,0.8,-0.1,-3.2,2,-4.4,-0.1,10.6,-10.9,6.7,2.6,1.6,4.2,-0.2,4
2015,2,-3,17.1,10.1,9.9,1.2,-2.5,-2.2,-6.8,6.9,-4.1,-9.3,5.6,3.1,11.9,0.3,3.4,1.9,3
2015,2,-3,8.9,-3.2,2,0.9,-2.5,-1.8,-0.4,-4.5,0,-1.3,-6.1,1.2,0.8,-2,3.6,3.7,17
2015,2,-8,5.7,-2.6,1.3,4.2,1.8,-4.4,1.3,-7.5,0.8,-6.5,-0.1,-3.9,0.3,5.8,2.9,1.5,8
2015,2,-8,3.7,-6.2,-0.7,-1.3,-0.5,-1,1,-9.6,12.4,9.5,3.9,-0.7,-0.3,-2.5,-1,1.3,15
2015,2,7,-8,5.8,-6,0,-0.3,-6.7,1.4,-1,-6.5,4.3,-4.3,2.4,-5.7,-1.7,-3.3,2.5,3
2015,2,-1,6.2,-3.7,1.6,-2.9,1.3,-4.6,4.3,-3.4,-2.1,-1,-2.2,-1.4,2.1,-0.6,0.9,-5.2,9
2015,2,-7,13.5,-8.1,2,-4.5,-4.7,1.4,2.2,-0.5,6.8,5.6,5.6,0.9,1.6,-3.1,2,-4.8,13
2015,2,1,2.2,-5,3.9,-4.1,-1,-1.9,-3,-2.6,-0.5,-9.8,0.1,-2.8,1.8,-1.7,4.8,-5,11
2015,2,5,1.2,0.8,0.9,1.2,-4.2,3.8,-0.4,-4.2,-6.4,2.8,-1.9,2.3,2.5,-0.8,-2.5,3.8,13
2015,2,5,4,8.4,2.6,2.6,1.8,-1.4,-0.8,2.8,-2.2,10.4,-9.4,7.6,1.1,3.7,3.3,0.7,6
2015,2,-1,-6.3,-5.5,-8.2,-1.6,-0.6,2.1,7.7,3.9,-1.1,6.3,-6.5,-5.1,-4.9,-0.7,-9.1,-1.8,13
2015,2,1,0.1,-0.5,-5.1,7.2,-0.2,10.8,11.2,0.6,-4.1,27.4,-9.4,3,-2.5,7.7,-6,4.7,10
2015,2,-7,14.7,-5.5,2.5,-0.3,-4.5,-0.9,1.9,-7.8,7.1,-13,-0.4,1.3,4,-2.4,-0.4,4.3,7
2015,2,-7,21.8,3.2,10,3,-2.3,-2.5,0.1,0.5,3.6,-1.8,6.9,-0.2,10,4,6.7,0.8,19
2015,2,-5,6.7,1.1,9.8,-1.4,-1,-1.8,-1.7,-2.3,0.7,1.4,-5.6,-2.7,9.7,-1.7,6.7,0.4,19
2015,2,-8,4.2,-5.9,-3.6,-3.2,-0.3,-1.4,8.2,3,-15.3,-2.2,5.5,-2.3,-4.4,-4.3,-1.3,-0.8,6
2015,1,-1,-3.8,-2.1,-0.8,-1.3,1.1,2.3,0.8,1.4,-4.6,-12.3,-1.3,-4.2,-1.3,-0.1,0.2,-3.2,1
2015,1,-7,0.9,-4.3,-2.6,4.2,2,8.3,5.6,0.7,-2.2,21.2,-5.7,2.6,-2.1,3.8,-2.5,3.5,6
2015,1,-9,4.8,-0.5,-0.1,0.3,-0.1,-1.4,-5.8,3.1,7.9,-5.3,7.3,-4.1,0,1.8,-0.8,-1.6,3
2015,1,-5,-2.2,-2.8,-0.7,4.6,-3.1,5.5,-3.2,-3.3,4.2,-1.4,-3.7,1.9,-2,9.4,1.8,-4,8
2015,1,-11,18,-2,3.8,-1.9,-7,1.8,-2.2,6.9,-4.7,-0.9,1.7,2.4,5.2,-1.7,0.4,-1.8,4
2015,1,-3,-4.9,-11.4,-4.1,-4.5,-2.2,5.4,-0.8,-4.1,3.5,3.8,-1.4,1.6,-1.3,-8.3,-5.2,2.8,5
2015,1,-13,8.7,-7.2,-1.2,-1.8,-2.6,-3.1,-4.4,0.6,-1.7,1.3,1.7,-2.5,-2.9,-3,1.7,0.7,19
2015,1,-15,11.5,-22.9,-0.5,-8,-0.8,4.8,4.8,-3.3,11.4,2.9,-3.5,-1.9,0.2,-6.2,-1.9,-7.5,41
2015,1,-1,6.3,3.9,-1,0.9,-4.2,-4.2,0,-2.7,1.8,5.3,0.4,4.2,-2.8,-0.3,1.7,2.1,1
2015,1,-7,13,-5,3.7,-1.4,-1,1.3,5,-0.1,-0.6,0,2.9,0.6,-1.1,0,7.2,-2.8,17
2015,1,-9,4,-9.3,-3,-0.7,-1,4.1,4.7,0.1,8.5,-2,-1.6,-4,0.6,0.9,-7.5,-3.3,2
2015,1,-11,5.9,-13.4,-0.6,-5.5,-1.2,-0.4,-1.1,5.4,-6.2,-2,-1.7,-4.5,0.3,-4,-1.5,-4.5,9
2015,1,-3,8.7,0,4.7,0.5,-1.7,-0.2,1.3,-1.5,-15,4.7,-6,2.3,3.6,0.6,4.3,0.3,7
2015,1,-13,3,-22.2,-5.9,-9,-4.6,-0.6,5.4,-5.4,2.7,0.4,3.4,-6.6,-6.7,-11.1,-2.5,-3.5,12
2015,1,-15,23.7,-9,4.8,0,-5.1,-1.1,-2.7,-4.3,-2.7,-12.6,5.8,-0.1,6.7,-1.1,0.6,3.7,14
2015,1,-1,3.5,3.4,2.1,1.5,-1.6,-4.4,3.3,-1.1,-9.9,-6.7,3.7,1.1,1.6,3,2.3,-1.2,6
2015,1,-9,16.8,-2.3,4.5,-1.2,-0.2,-2.4,7.6,2.8,-3.7,4.9,-1.9,2.9,5.4,1.1,1.5,-4,2
2015,1,11,-6,5,2.2,0,-3.8,3.9,-11.9,3.3,-0.9,7.7,6.1,7,7.3,-3.3,-6,3.3,1
2015,1,3,5.1,-0.7,5.5,-3.1,1.3,-1.9,1.7,1.4,-2.6,-10,2.3,1.3,6.7,-3.1,2.7,-2.3,3
2015,1,-13,14.9,-20.5,4,-4.2,-3.2,1.9,0.7,-12.2,0.3,4.2,5.8,4.4,3.3,-5.8,3.8,-0.9,21
2015,1,-1,-7.1,-7.3,-2.7,-2.9,2.9,1.6,8.1,-5.7,0.5,-7.6,-6,4.7,-2.3,-2.6,-2.5,-2,12
2015,1,-7,3.4,-9.6,-0.4,-6,-2.1,-6.2,-6.3,-1.2,1.5,-14.8,-2.9,-1.6,-3.1,-6.9,2.8,-2.5,7
2015,1,-9,2,-13.4,-3.8,-5.2,3.3,2.4,5,0.3,8.7,8.1,-1.3,-0.7,-1.7,-6.1,-4,-2.5,10
2015,1,5,0.5,2.2,-2.5,2.8,-1.9,-2.4,-2.8,-0.6,-8.1,1.1,-2.6,1.5,-3.9,2.5,0.5,2.9,1
2015,1,11,-14.6,3.9,-6.7,0,4.3,1.2,5.9,3.5,-0.8,9.6,4.1,-4.9,-7.7,2.2,-3,-2.8,1
2015,1,-3,-4.9,-10.1,-7.3,-3.7,3,1.9,6,-0.1,9.5,-5.5,4.8,5.6,-5.8,-7.7,-5.4,2.6,31
2015,1,-13,19.2,-7.3,8.2,-3.9,0.1,0.6,7.8,4.3,3,-0.2,-0.5,-7.6,11.5,-3,1.8,-3.2,10
2015,1,-15,24.7,-17.9,5.9,-6.8,-3.9,1.2,7.7,0.9,0.1,-13.8,7.4,-2.5,5.6,-5.4,4.5,-6.8,23
2015,1,-5,3.7,-4,5.5,2.4,1.6,0.1,-3.5,-4.1,2.4,-7.9,-4.3,-0.8,6.9,5.3,1.9,-1.2,19
2015,1,5,-4.2,0.7,4.5,-0.9,-0.2,1.4,-11.9,-0.6,7.4,-8.7,-2.1,-1.2,3.7,-0.6,4.3,-0.8,13
2015,1,-15,24,-12.3,6.5,-2.8,-3.5,-3.2,4.8,-5.7,4.3,-13.7,-1,3.4,8.5,-2,1.2,-2.7,29
2015,1,-7,10.3,-0.5,-1.1,1.3,-0.3,2.3,6.3,6.9,-0.3,2.4,3.6,1.1,-0.3,-1.1,-1.9,4.3,3
2015,0,0,-4.9,3,-3.8,-1.7,-0.9,-3.8,0.9,-2.2,-3.6,-6.8,-3.9,-1.3,-3.2,-3.5,-3.2,1.5,10
2015,0,0,-6.3,-1,-5.4,-2,0.1,1,1.4,3,-6.4,2,0.5,-1.4,-3.4,-6,-5.8,2.7,4
2015,0,0,-4.5,-1.7,-3.5,1.4,1.5,3.9,1.8,4.1,-4.2,3.5,-1.7,-1.5,-3.7,0,-0.6,2.8,4
2015,0,0,-2.6,-1.3,-0.3,-0.3,1.8,1.7,-4.5,2.8,15.7,-1,-3.8,-2.2,3,-1.6,-3.3,1.2,1
2014,6,-1,-4.7,-4.9,1.6,-1.4,-0.8,3.5,-11.6,3.1,-13.5,-1.1,9.5,-2.6,-1.9,-2.7,5.5,0.8,6
2014,5,6,-3.4,2.9,-0.7,-0.8,-0.2,-1.7,-4.9,4.8,-4.1,4.5,10.9,-2.9,-3.2,-1.3,2.8,0,10
2014,5,6,-5.5,0.2,-3.4,-1.2,5.4,0.8,13.9,2.3,9.1,9.7,-6.4,-3.2,-1.3,-1,-4.4,-1.9,1
2014,4,-10,2.9,-10.6,-0.2,-3.4,-0.6,2.5,1.4,-0.8,1.8,-11.8,-1.3,-1.5,0.9,-4.8,-1.8,-0.2,10
2014,4,1,6.5,8.6,1.6,4.9,-3,-3.8,-8.3,0.1,1.7,-7.1,8.7,0.6,0.6,5.7,1.2,2.1,1
2014,4,3,-7.1,-4,-3,-1.2,-0.1,1.9,-2.5,5.3,4.6,-4.6,7,-6.6,-4,-1.3,-0.5,-0.2,6
2014,4,6,-7.8,-3.7,-5.8,-3.4,3.3,-1,12.6,-0.8,16.9,10.1,-8.1,-4.1,-2.7,-5.3,-7,0.4,3
2014,3,-3,-3.2,-8.2,-1.9,-4.5,3,1,5.5,-0.6,4.2,-4.5,-8.1,1.7,-1.7,-5.1,-2.1,-1.4,11
2014,3,4,-1.7,8.7,-3.6,2.1,2.8,-8.9,4.9,-3,10.6,-1.6,2.1,0.9,-2.7,0.6,-3.6,3.6,5
2014,3,-9,6.8,6.6,5.9,2.9,-2,0.2,-10.3,3,-6.9,-4.8,4.5,2.9,2.1,5.7,8.3,-2.7,2
2014,3,-3,6.7,-3.2,5,-2.1,0.5,-1.5,0.3,-2.1,-4.1,1.8,-1.4,3.3,5.6,-3.3,2.2,1.2,6
2014,3,1,1.3,2.5,1.1,0.8,1.1,1.8,4.6,0.7,-4.4,6,-2.1,-0.8,0.5,2.5,1.3,-1.7,10
2014,3,-4,3.5,-3.5,2,-1.5,-5.1,-0.5,-12,-4.6,-2.1,-5.2,6.5,5.2,3,-0.5,-0.4,-1.5,17
2014,3,3,4.9,5.8,3.7,1.6,0.9,-0.7,-1,1.7,-8.3,7.8,3.4,6.8,3.1,1.4,2.3,0.9,2
2014,3,4,-6.1,-7.5,-2.7,-3.1,2.8,3.7,1.6,4.3,1.9,5,8.4,-6.8,-6.3,-3.8,2.9,-1.1,5
2014,2,8,-1.2,6.2,4.2,0.8,3.3,-3.1,-4.2,-2.7,2.4,6.3,-2.7,4,2.7,2.8,4.6,-1.3,2
2014,2,-5,4.5,-4,-0.2,-1.9,-3.4,-3.6,-4.1,-4.5,-1.1,-20.7,-2.6,1.3,0.3,-3.5,-1.3,1.7,8
2014,2,-8,-1.3,-5.6,1.5,-1.3,1.2,2.1,-1.9,-1,-1.9,-5.2,-4.4,-1.4,1.2,-2,0.8,0.4,16
2014,2,-8,7.5,0.1,2.4,-0.4,-0.2,-3.4,0.6,-1.8,-14.7,4,-1.6,2.2,2.4,-1.4,0.6,0.5,7
2014,2,-5,12.6,3.2,8.3,2.9,-2.7,0.8,-10.2,0.3,-8.5,-14.3,9.2,3.9,5.8,7.3,7.5,-3.4,14
2014,2,5,-2.7,-1.1,-2.1,-1.7,0,-0.4,-2.2,4.1,-6.2,-2.9,6.1,-4.3,-5.7,-0.8,3.1,-2.3,12
2014,2,-1,13.9,-2.9,3.9,-0.5,-3.3,4,8.3,3.7,0.9,2.8,-3.8,-0.3,2.2,-0.1,5.1,-1,15
2014,2,-8,-4.6,-12.3,-7.8,-5.4,-0.4,3.5,5.5,1.5,3.5,-7.8,-8.5,-7,-10.3,-2.6,-0.5,-7,19
2014,2,-3,8.4,-8.4,-4.2,-0.3,-0.7,-2.1,7.7,-3.6,4.5,-9.5,-2.1,0.3,-1,-2.4,-6.9,3.5,20
2014,2,3,-6,-2.4,-7.6,0.2,2.8,1,12.4,4.2,10.9,-0.7,-6.2,-2.4,-8,-0.6,-3.4,1.4,30
2014,2,8,-7.5,0.9,-2.9,0.9,-2.1,0.6,-8,-0.7,-3.3,-8.5,-0.9,3.8,-5.6,1.5,2.4,-0.6,3
2014,2,-7,2.5,-5.9,-3.5,-2.3,-1.7,1.7,5.8,-2.2,-0.2,-4.4,-4.9,1,-2.9,-3.1,-2.6,0.2,23
2014,2,-7,2.1,-7.4,-1.1,-4.2,-2.1,-1.9,-1.9,-7.5,2.5,-1.3,2.6,1,-3.7,-7.1,3.9,1.3,18
2014,2,-3,5.2,4.1,4.3,0.7,-2.4,-3.4,-9.3,-2.8,-6.5,-10.7,6.7,6.2,4.7,-0.7,2.2,2.4,2
2014,2,7,0.7,3.3,-2.5,1.3,1.9,-2.1,7,3.5,4.9,1.1,-4.2,4.1,-2.3,1.3,-1.8,1.1,2
2014,2,-8,6.9,-4.9,1.8,-0.6,-2.4,-3.3,-8.4,-0.3,-1.7,-15,3.5,-1,0.7,-1.4,3.1,-0.3,17
2014,1,-15,12.9,-14.6,3.4,-2.9,-2.2,3,3.4,-0.4,0.4,2.1,-8.2,-3,4.3,-2.5,-0.1,-1.9,12
2014,1,-1,-2,-1.5,2.8,-1.7,2.7,-2.6,2.6,-2.5,-8.5,-2.4,-1.1,1.9,2.3,-1.7,2.6,-0.9,8
2014,1,1,10.3,-2,2.4,-2.7,-3.4,1.4,3.2,2.9,-4,6.2,-0.6,0.5,1.5,-1.8,3.3,-3,29
2014,1,7,-4.1,3.4,2.8,0.1,-0.1,-0.7,-1.8,-2.5,2.2,1.7,0.9,3.8,6.7,-2.7,-3.2,3.6,5
2014,1,7,3.9,11.7,4.4,2.7,-0.3,-2,3.3,-1.9,4.7,11,4,1.8,6.7,1.2,0,4.4,2
2014,1,-9,-2.3,-11.3,-6.5,0,-3.5,4.5,-1.6,-3.6,-8.8,-1.7,-1.1,-4.9,-7.8,0.8,-1.9,-2.4,4
2014,1,-9,13.4,0.8,4.9,3.5,-2.2,0,-0.4,-1,-8.9,-11.8,7.3,-1.3,3.8,5.4,5.3,-0.8,17
2014,1,-5,10.9,4.4,3,1.1,1.1,-3.2,14.4,3,2.5,-12.6,-3.6,-1.1,0.9,-1.4,4.7,4.1,14
2014,1,5,4.6,10.5,2.1,3.6,0.9,-3.1,4.3,-0.8,-1.7,13.2,-0.8,-0.3,-0.7,2.4,5.3,3.9,1
2014,1,-11,13.8,-3,7.4,-1.9,-3.8,-3.7,-8.8,-4,-10.4,-11,7.8,-0.3,6.7,-3.6,4.3,1,10
2014,1,-11,8.7,-9.8,-3.8,0.4,-6.1,3.4,7.1,-0.5,-13.2,2,-1.1,-4.6,-6,-2.3,0.5,3,24
2014,1,-3,4.3,-0.4,2.9,0,0.8,2.3,-2.7,3.3,-3.8,11,8.1,-0.6,1.8,1.2,2,-1.3,19
2014,1,3,-1.2,0.9,0.2,3,1.1,2.1,-3.2,-0.1,-1.7,5.7,-2.1,-0.9,-1.8,4.7,3.2,0.1,5
2014,1,-13,7.1,-12.2,-2.5,-8.6,3.3,-7.8,14.3,-5.2,5.1,-9.4,-4.4,-3.5,-0.2,-12.4,-4.6,-0.3,11
2014,1,-13,20.7,-1.5,-2.5,0.8,-10.4,-4.3,1.6,-2.3,7.7,-13.6,3.9,4.3,-3.8,0.2,-0.3,2.2,40
2014,1,-15,16.3,-12.3,2.8,-3.3,-3.7,0.1,-0.3,-3.5,3.4,-7.1,-1.7,-3.7,1.4,-4.6,4.3,-0.1,11
2014,1,-1,2.3,0,0.4,1.2,-0.4,0.7,0.7,1.9,-7.1,0.4,-0.5,-1.4,2.5,1.8,-3.4,-0.2,5
2014,1,7,3.4,3.7,4.4,1.4,0.2,-1.3,-6.8,-3,9.7,0.3,1.5,3.3,3.1,1.7,5.1,0.7,4
2014,1,-9,8.7,-10.6,4.1,-3.6,4,0.9,3.8,-5.3,-10.2,2.3,-0.4,3.6,2.6,-6.1,4.5,0.5,15
2014,1,-5,-1.5,-5.8,1.6,-1.9,-0.4,2.9,2.8,0.5,1,7.7,-15.6,-1.9,3.2,-2.1,-1.1,-1.1,2
2014,1,-15,14.4,-11.4,6.4,-4.6,1.5,0.1,4.1,-7,13.7,-7.2,4.2,-7.4,8.1,-5,2,-2.7,27
2014,1,-1,9.3,3.3,1.2,0.7,-0.4,-2.9,7.3,-3.5,11.5,-8.6,2.6,0.6,1.7,-1,0.1,2.9,7
2014,1,-11,10.5,-1.2,4,3.3,-2.7,-7.8,-6.6,-4.6,-13.1,-14.1,-3.4,3.7,3.6,2.8,3.3,3.1,18
2014,1,-7,-9.9,-11,-0.4,-3.1,2.8,3.6,-5.3,-6.6,3.3,-7,4.2,-2.8,-1,-2.9,1.2,-2.5,3
2014,1,-3,-1.4,-6.2,-2.4,-3.2,-1.4,4.3,0.9,5,-5.3,5.1,13.2,-2.9,-4.2,-3.8,0.8,-1.2,8
2014,1,-13,10.8,-11.4,4.5,-2.8,-2.6,1.5,4,-2.5,-0.2,2.1,-1.7,-4.1,4.7,-7.4,2.9,4.3,20
2014,1,-9,12.5,-8.9,2.8,-1.5,-4.4,3.3,2.7,-0.6,-14.3,-14.4,-0.2,-1.9,4,0.3,-0.1,-4.1,7
2014,1,5,9.1,-3.5,-0.6,-0.1,-2,-1.8,5.4,-4.2,2.6,-5.7,3.5,2.7,0.7,-2.3,-2.7,3.7,19
2014,1,11,-16.1,3,0.2,-2.5,2.9,0.5,-3.2,-0.2,-1.5,0.2,1,0.6,1.3,-3.4,-0.7,0.3,7
2014,1,-3,2,0.3,-5,0.2,1.2,-0.7,15.1,0,0.9,3.7,-2.3,4.4,-1.9,-2.4,-6.3,2.6,2
2014,1,-13,25.1,-2.2,6.9,-0.1,-1.6,-2.6,-1.5,1.5,1.9,-12.7,9.8,4.5,5.3,0.6,5.6,-1.1,17
2014,1,-15,9.9,-19.1,-2.4,-5.5,-3.3,5.3,8,-1.4,-8.7,-0.9,-8.3,0.9,-0.4,-6.8,-3,-1.7,9
2014,0,0,-4.3,-7.9,-2.7,-5.2,3,-0.5,4.1,-4.6,5.3,-5.4,1.1,-1.1,-3.2,-8.6,0.5,1.5,7
2014,0,0,-4.3,-8.3,-5.7,-0.9,-4.6,2.3,-2.7,2,-16.1,13.1,-3.1,3.6,-6.5,-0.3,-2.8,-1.8,12
2014,0,0,2.8,1.9,-1.7,-1.9,-2.9,0.5,0,6.9,-4.6,3.1,-3.1,4.4,0,-0.1,-4.3,-3.1,15
2014,0,0,-3,-5.9,-1.3,-0.9,0.9,-1.9,2.1,-1.5,-3.5,-3.9,-1.7,-0.4,0,-2.8,-3.1,2.8,13
2013,6,-3,-5.6,-9.3,-4,-3.2,3.7,8.3,5.7,3.9,11.6,12.2,0.6,-2.7,-2.6,-4.2,-4.6,-0.8,6
2013,5,0,8.8,6.9,5.6,5.4,-4.3,-4.9,-6.3,-5.1,-8.4,-12.7,2.8,1.2,4.9,5,4.5,4.2,5
2013,5,-8,5.1,-6.4,0.6,-0.5,-1.1,7,0.2,6.8,3.5,-3.4,1,-5.6,1.2,-0.2,-0.6,-0.4,4
2013,4,1,-0.2,-6.3,-0.6,-3.6,-2,4.1,0.4,1.4,-4.1,3.7,-5.5,-0.9,-3.1,-2.3,3.8,-3.9,16
2013,4,7,-2.8,1.5,-0.6,-0.1,3.2,-0.7,6.2,-1.7,1,8.8,-0.9,-0.2,0.2,0,-1.7,-0.2,4
2013,4,-1,-2.5,-7,-3.3,-0.7,2.7,6.6,9.4,1,0.8,2.2,-3,-6.6,0,-2.8,-6.6,2.8,22
2013,4,1,5.7,8.2,-0.6,4.7,-3.2,-3.8,-1.7,1,-2.6,-7.2,2.6,3.4,-0.9,5.8,0.1,1.6,20
2013,3,3,9.8,7.7,1.3,6.5,-5.7,0.3,-1.3,0.1,-11.1,-9.3,-3.4,-0.2,0.5,8.3,1.5,2.3,2
2013,3,-1,7.1,3.7,3.3,1,-5.2,1.2,-7.3,4.7,2.6,0.3,3.1,5.4,0.4,1.9,5.8,-1.1,10
2013,3,-11,11.1,-4.1,1.3,-1.6,-3.1,5,2.4,6.1,1.6,1.6,0.4,-1.8,1.7,-1.5,0,-1.6,8
2013,3,-4,-1,-2.8,-1.9,-1.2,-3.3,0.9,-3.2,1.5,-1.9,-3.4,-4.1,0.5,-1.2,0.2,-1.5,-3.4,3
2013,3,1,0.4,2.3,-2.3,0.5,4.2,1.1,7.1,4.7,6.3,3.4,4.6,3.3,1,0.9,-6.6,-0.3,10
2013,3,-4,-1.3,-5.3,-1.9,-4,2.3,-1.3,9,-7.7,5.2,9.8,-3.8,3.2,0.3,-7,-3.8,2,14
2013,3,3,-8.2,-2.8,-5.7,-1.4,-0.4,2.7,-0.2,3.1,-9,8.4,-6.8,-3.4,-3.5,-0.6,-6.9,-2,11
2013,3,-12,12.1,-10.4,3.6,-3.6,-3.2,0.4,1.7,-4.4,-4.2,-2.8,0.8,-4.2,2,-5.1,4.4,-0.3,12
2013,2,-3,4.9,-2.2,-1.8,-1,0.1,-2.9,0.5,-3.5,-0.6,-2.5,4.8,-0.7,-0.7,0.5,-3.1,-2.9,22
2013,2,-3,3.6,0.1,-1.1,-0.5,0.7,2.1,2.5,6.8,2.5,-4.4,3.4,-2.3,1.4,-0.4,-4.7,-0.9,2
2013,2,8,-8.2,0.8,-4.9,0.4,2.2,-0.8,0.2,-3.3,-4.3,8.4,-1.1,3.5,-5.4,1.5,-2.6,-0.7,6
2013,2,8,-3.3,1.2,-1.1,0.9,3.8,-1.6,7.9,-1.9,-5.6,-1.7,0.1,2.2,-0.9,0.8,-0.7,0.3,17
2013,2,-7,-0.8,-13.9,1.4,-3.8,1.1,10.5,-3.2,10.1,-4.1,-1.5,-0.2,-3.8,2.4,-3.7,-0.8,-2.3,26
2013,2,-1,7.6,1.9,3.3,-1.9,-2.3,-9.8,-4.1,-5.3,-1.4,-17.6,0.2,0.2,2.9,-2.5,2.8,-0.3,25
2013,2,-8,9,-7.6,-1.8,-2.6,-1.3,-1.1,9.4,-4.7,-12.2,1.7,2.3,-1.4,-0.9,-5.5,-2.7,2.5,23
2013,2,-8,7.3,-5.5,1,-1.7,0,6.8,6.3,3.8,5.6,2.9,-4,-1.5,-0.3,0.9,3.2,-5.2,6
2013,2,-5,1.8,-3.4,-4.3,-0.4,-3.3,4.3,0,5.1,5,6.6,-2,4.3,-4.9,0.7,-1.5,-2.2,16
2013,2,1,2,0.7,2.8,2.9,1.2,-0.2,-5.1,2.4,-7.5,-2.6,5.9,1.8,-0.1,4.4,5.3,-1.1,2
2013,2,-8,10.1,-7.1,5.7,-5,3.4,0.8,8.2,0,10.2,-7.1,2,-1.7,3.2,-4.1,7.5,-4.9,6
2013,2,-5,2.8,-1.8,4.4,-3,-0.9,-3.3,-2.3,-4.6,3.6,-7.7,-4.1,-6.4,3.2,-3.4,4.5,-1.5,4
2013,2,8,-2.3,6.6,3.1,2.2,2.9,3.9,0.7,4.9,-0.1,3.8,-2.2,1.3,4,3.6,0.7,-0.5,10
2013,2,-8,-3.6,-8.9,-3.2,-2.6,-2.3,2.1,-2.4,-0.3,2.5,-3.2,-2.3,-0.7,-2.5,-5.2,-1.8,1.3,3
2013,2,-7,0.1,-6.9,4,-6.5,3.1,-3.1,-0.8,-2.3,11.3,4.9,6,-1.5,6.6,-7,-0.8,-4.1,12
2013,2,-8,3.2,-7,5.9,-2.3,-3.8,2.3,-9.4,-4.8,-10.6,-6.8,-0.8,-4.3,5.5,-1,4.1,-2.9,14
2013,1,-15,25,-11,4.9,-0.4,-4.4,3.6,8.4,0.1,-2.6,-6.2,5.3,0.2,5.4,0,2.6,-0.2,31
2013,1,-1,3.2,3.3,-2,2.5,-1.7,-1.1,2.7,-5.4,9.1,6.7,-3.3,1,-3,3,0.2,0.9,12
2013,1,7,-2.9,-0.3,0.5,1.9,3.2,0.3,4.5,-3.6,-2.1,-1.8,-4.1,-1.1,-0.4,2.5,1.7,1,13
2013,1,-9,5.3,-7.7,1.1,0.1,-4.3,5,-9,-0.7,-3,4.3,4.7,-5.7,0.2,0.9,2.2,-0.8,20
2013,1,-5,-7.8,-4.9,-1.3,-1.6,2.4,4.2,-1.3,6.1,0.2,-2,-7,-4.5,-1.2,-0.2,-0.1,-3.7,2
2013,1,-11,2.5,-10.4,-5.1,-1.7,-1,-0.3,4.9,-0.6,-5.1,-4.4,-2.7,-5.6,-5.3,-0.2,-3,-3.7,11
2013,1,-15,11.2,-14,4.7,-6.4,-1.9,-2.4,-1,-1.4,1.9,-5.8,5.7,-0.9,4.6,-8.3,3.7,-2.1,7
2013,1,-3,12.2,6.5,12,2.6,-0.5,-4.2,-9.9,-2.6,-1.3,-6.6,11.2,1.6,10.2,3.2,9.8,0.8,4
2013,1,-13,16.9,-7.4,4.3,-2.8,-5.6,0.5,-2.9,4.1,-0.8,4.9,0.2,6.8,4.1,-1.4,2.9,-4.1,12
2013,1,-1,6.3,2.4,2,0.7,-5.7,-0.5,1.5,2.1,-22.4,-13.8,-4.4,2.6,0.3,3.9,4,-2.9,7
2013,1,-7,10.2,-2.3,0.3,5.3,-3.9,8.3,-1,4.2,-7.1,5.3,6,-3.2,-1.6,7.4,2.4,0.1,46
2013,1,-9,11.5,-9.7,1.3,-3.2,-1.8,1.6,3.6,3.3,-4.6,-1.7,-7,-0.1,3,-2.2,-1,-3.2,15
2013,1,5,2.5,-2.2,0.2,-1.9,5.8,0.3,12.9,-0.8,8.5,12.1,-3.9,2.9,-0.1,-4.1,0.4,1.5,20
2013,1,-11,10.7,-16.2,6.2,-4.5,-1.4,0.8,-0.6,-8.9,-9.3,-10.6,-1.4,2.2,4.3,-5,6.8,-2.9,32
2013,1,-3,-4.7,-6.3,0.7,-2.7,0.6,-1.4,-1.4,-3.6,-0.1,-2.5,-6.6,-1.4,0.7,-3.1,0.4,-1.1,15
2013,1,13,-3.9,11,0.5,3.9,0.9,-0.3,2.1,1.8,-1.6,-2.6,-1,2.6,2.1,5.5,-1.9,0.6,10
2013,1,-15,23.2,-6.6,5.8,3,0.4,0.6,11.6,-1.3,0.5,-5,2.3,0.7,9,1.6,-0.2,2.9,6
2013,1,-15,22.1,-9.6,7.1,-4.7,2.1,-0.2,9.4,0.3,9,-12.2,4.4,1.2,5.8,-3.7,6.7,-4.3,21
2013,1,1,-2.2,-0.3,-1.7,0.7,1.3,-2,-2.4,-3.5,-1,1.9,3.1,-0.9,-1.9,-0.4,-1,1.8,18
2013,1,1,-4.5,-1.3,-5.2,2.2,-2.1,3.5,-3.9,-1.2,-5.3,5.1,4.2,-0.2,-4,-0.2,-6.3,5.1,4
2013,1,7,3,11.1,0.5,3.4,0.2,3.5,1.5,4.9,9.1,5.4,4.4,-2.5,1.4,3.4,-0.6,2.4,11
2013,1,7,0.6,4.1,-0.9,0.2,-1.3,-1.7,-0.8,3.6,-5.5,2.9,1.1,-0.3,-0.1,-0.9,-2.4,2,3
2013,1,9,-1.1,1.8,2.8,1.8,-1.1,-0.9,-9.5,0.4,-0.4,-8.3,5.2,-0.5,2.5,4.1,1.9,-3.1,2
2013,1,-9,10.8,-14.7,-3.9,-6,-0.2,5.3,13.7,4,-3.8,-0.5,-9,-3.1,-3.5,-5.4,-3,-4.9,47
2013,1,-5,4.3,0.2,1.1,4.2,5.1,3.3,6.6,2,2.7,6.7,-4.9,-0.3,1.9,4.2,-1.5,2.7,12
2013,1,-11,1.9,-4.8,-3.5,0.9,3.9,0.7,9.4,4.6,2,-4.7,-6.6,-4.1,-0.4,0.6,-7,0.2,1
2013,1,-3,4.7,2.5,-0.8,2.8,-2.4,2.3,0,2.6,-9.9,10.7,3.9,2,0.4,2.7,-2.7,2.1,8
2013,1,-5,5.4,-3.7,-4,-1.4,-0.1,-5.2,5.3,-7.5,4.6,-4.1,1.5,0.5,-6.3,-3.3,-0.1,2.3,17
2013,1,-13,7.5,-10.1,1.4,-4.3,-1.1,-1.6,2.1,-2.4,-3.1,-11,-1,-6.6,3.8,-4,-2.7,-2.8,29
2013,1,11,-1.5,8.7,5.9,3.3,3.2,1.4,-3.7,3.8,3.9,5.5,0.5,5.1,5.4,6.9,4.7,-1.3,6
2013,1,3,4.2,2.9,1.6,1.2,0.9,2.6,0.2,-1,1,8.1,2.2,3.3,1.3,2.9,0.4,-1.4,18
2013,1,-13,0.6,-15.3,-1.5,-6.2,-0.9,1.4,-1,-5.2,2.8,-2.7,-7.3,4.9,-1,-5.5,-1.1,-5.1,25
2013,0,0,-9.6,-13.8,-2.8,-2.6,2.9,8.3,0.8,0.6,4.2,2.6,-8.2,-4.3,0.5,-5.2,-6.3,1.1,1
2013,0,0,8.7,4.2,2.6,2.7,-2.4,-5.7,0.4,-4,-4.4,-5.9,3.5,8.8,3.1,0.1,-0.4,6.4,13
2013,0,0,-9.7,-11.7,-6.8,-3.9,-3.1,2.7,-5.6,-2.4,-8.8,7.6,0.9,1.8,-6.9,-4.2,-4.4,-2.5,13
2013,0,0,0,-1.1,0.1,-2.1,-1.3,1.3,-1.3,9.8,-2.4,-13.7,-0.9,-2.8,0.9,-0.4,-1,-4.6,9
2012,6,-1,9.4,1.8,1.5,-1.4,-2.1,-2.6,2.9,2.1,1.9,-7.3,3.1,-2.6,0.2,-0.2,3.3,-2.2,8
2012,5,-3,17.8,4,6.5,-1.3,-3.6,-5.3,2.1,-2.7,5.5,-8.5,3.5,3.1,5.5,-2.6,6,1.5,8
2012,5,0,-3.8,0.5,0.2,-3,1.6,-2,-0.8,3.9,1.7,4.1,-1.7,2.1,-0.4,-5.4,1.1,1.5,2
2012,4,-2,7.1,-5.2,1.5,-5.6,-3.3,-3.4,-0.2,-1.1,6,-7.6,-3.1,0.7,2.5,-6.6,-0.2,-1.9,12
2012,4,1,-2.4,-1.9,2.5,-1.6,2.8,1.9,-5,1.6,2.5,11.3,1,3.9,2.9,-3.7,1,2.1,13
2012,4,-3,-16.1,-11.5,-7.5,-4.5,3.8,3.8,2.2,3.7,3,4.4,-2.5,-3,-5.8,-4,-6.2,-3.9,4
2012,4,1,0.2,-4.9,0,2.2,1.5,-2.2,-0.6,-14.4,5.2,-2,1.1,2.3,1,2.7,-1.5,1,7
2012,3,-7,8.2,-1.2,2.6,2,1.9,2.6,6.1,2.1,-5.5,-2.1,5.9,-5.3,1.5,0.7,2.9,3.2,5
2012,3,-12,9.6,-4.4,0.9,-2.1,-2.9,-7.9,6.1,-6.7,1,-20.7,-0.9,-3.3,1.9,-4.8,-0.5,1.9,8
2012,3,-3,2.3,-7.8,-1.4,-6.1,-2.1,-2.4,2.5,-0.1,-2.8,-8.5,-4,-0.8,1.2,-6.6,-5.3,-3.1,12
2012,3,-9,1.5,-8.6,1.9,-3.7,0.5,1.9,-0.9,-1.6,3.5,1,-1.2,1.1,3.1,-5.9,-1,0.8,3
2012,3,-3,3.5,2.6,2,1.7,1.1,6.2,5.7,11.8,2.2,1.2,-4.1,-0.7,5.4,0.5,-1.9,2.1,1
2012,3,3,-8.6,-1.9,-5.4,0,0.8,3.6,-1,6.9,-1.5,-0.1,-1.2,-4,-4.9,-0.2,-4.2,0.4,13
2012,3,-4,7.2,-4.8,4.1,0.2,0.8,0.7,0,-9.2,8.8,2.7,6.5,1.4,6.5,0.1,-0.7,0.2,15
2012,3,4,10.6,5.8,4.7,2.4,-1.7,-4.2,-0.4,-5.1,-7.7,-0.7,-0.8,0.8,3,1.8,4.3,2.6,10
2012,2,8,0.9,6.5,-1,4,-0.9,-1.5,0.3,0.1,-2.5,-4.2,0.6,2.9,-1.9,1.8,1.1,5.5,3
2012,2,-8,2.5,-2.6,0.9,-1.8,2,-3.7,5.2,-2.1,2.2,-2.8,-1.9,-1.8,2.1,-2,-0.6,-1.7,4
2012,2,-7,-2.9,-13.2,-8,-4.6,-1.3,3,9.1,1.4,-0.8,-7.5,-4.4,0.6,-5.1,-4.1,-8.9,-4.2,14
2012,2,-8,21.8,-4.2,5.4,1.4,-4.1,-0.4,-0.2,-2.8,-9.3,-7.4,5.4,1.9,2.6,0.1,6.5,2.9,34
2012,2,1,3.5,4.8,0.6,3,-3.2,7.6,-0.3,3.7,2.2,10.2,-1.9,0.8,-1.3,5.1,2.8,-0.7,6
2012,2,-8,-3.7,-10.9,1.2,-6.5,5.7,0.7,3.1,-2.4,5.7,-0.7,3.6,2.1,4.7,-9.3,-3.2,-0.4,3
2012,2,3,2.5,2.7,-3.2,2.5,-6.8,-0.7,0.3,1.3,-5.5,-8,-6.3,-3,-4,2.9,-1.3,1.4,6
2012,2,-5,0.6,-2.5,-0.7,-1.6,2,-2.9,0.7,0.6,3.2,1.8,-7.1,3.4,-0.7,-0.4,0.4,-2.7,12
2012,2,-7,8.3,-0.2,3.2,-1.8,-5.1,0.9,-4.4,5.9,-10.3,-10.8,2.7,-1.3,3.6,-2.2,1.4,-1,16
2012,2,-5,4.5,-7.1,-1.4,-0.2,-2.1,2.8,1.1,-2.8,-8,1.5,-0.7,2.6,1.1,-1.4,-4.5,1.4,7
2012,2,-3,4.3,-1.7,-3.4,-0.2,-2.1,-0.8,-0.2,1.2,-4.4,-4.1,-0.1,1.7,-0.4,-1.9,-5.8,2.4,9
2012,2,-1,-2.1,-4,-4,-4.4,-5,-0.8,-1.6,-3.9,-9.4,1.2,4,-1.6,-4.7,-5.2,-2,-1.5,3
2012,2,-8,13.8,5.1,7.6,0.8,1.8,-7.3,1.9,-2.6,8.2,-2.4,7.8,1.1,5.5,-0.7,9.7,2.8,2
2012,2,-7,9.6,-6.3,1.2,-6.6,-1.2,0.4,5.5,4.7,3,-0.7,3.5,-0.4,2.4,-10.2,0.5,1.2,16
2012,2,-8,11.4,1,2.8,0.7,0.8,2.6,8.8,3.5,-7.5,1.4,7,2.8,1.9,0.9,3.4,0.6,17
2012,2,-1,-5.1,-5.2,-5.5,-1.1,0.7,1.6,1.4,6.2,-2.6,2.8,-2.5,-1.6,-3.3,-0.9,-6,-0.8,3
2012,1,-5,-0.9,-5,-0.5,-0.7,-1.8,1.4,-2.8,-0.1,-13.3,-15.2,-8.9,0.8,-1.8,0.5,1.3,-2.5,6
2012,1,-1,13.9,14,8.7,5.9,-2.5,-5.9,-2.7,-5.5,1.9,-8.9,1.5,3,3.4,3.7,13.5,7.2,1
2012,1,5,6.3,1,0.3,0.1,0,-0.3,4.9,3.7,0.5,3.3,0,0.9,-0.4,0.6,1.7,-0.5,14
2012,1,-3,17.3,8.8,4.1,3.1,-1.8,-1.9,6.4,4.7,-2.2,-1.3,-0.9,5.9,1.9,0.9,5,5.3,26
2012,1,-11,-3.9,-7.7,0.4,-3.4,2.1,3.2,-1,3.5,-7.3,-3,-5.4,0.2,0,-4,0.9,-1.7,3
2012,1,-11,-5,-9.6,-4.1,-5.2,2,-0.9,1.1,-1.4,0.1,0.7,-3.8,2.5,-3.1,-3.2,-3.7,-6.1,15
2012,1,-15,12.6,-9.6,0.5,-0.5,-3,-1.4,5.6,-3.1,0,-11.5,-5.7,0.3,1,-1.1,-0.5,0.2,19
2012,1,13,-26.2,1.9,-8.6,-3.7,5.6,-2,3.3,0.8,5,10,-10.7,-0.2,-6.6,-1.8,-8.3,-5.5,2
2012,1,9,-7.8,-2,-4.5,-1.9,1.7,6.3,5.5,3.6,7.7,12.3,-3.3,-0.5,-6.3,1.1,-1.1,-5.1,5
2012,1,3,5.3,-0.1,-2.2,1.5,-4.6,1.1,-4.1,5.4,-4.8,4.7,-7.5,2.2,-7.1,3,4,-2.2,3
2012,1,13,-9.6,2.4,-2.4,0.1,-1.2,2.8,-3.5,-2.3,-7.1,0.8,6.5,1.7,-1.6,-1.1,-2.4,1.5,5
2012,1,-15,5,-19.6,-0.5,-6.1,-1.5,0.9,2.6,-7.3,-12,12.4,-3,0.9,0,-7.1,-1.1,-2.9,22
2012,1,3,-1.7,-0.9,0.2,-0.2,2.4,1.1,1.4,-2.1,3.8,9.9,-0.9,3.4,-0.6,0.3,1.9,-0.9,4
2012,1,-13,6.6,-14.2,4.3,-7.5,0.1,-2.2,-0.3,-3.5,-3.5,-5.8,-4.4,1.8,2.8,-8.8,5.3,-2.9,15
2012,1,7,-10.6,-7.5,-4.6,-4.3,4.5,-0.8,3.1,-1.2,-0.3,-1.3,-0.9,0.2,-1.1,-4.1,-8.2,-3.4,14
2012,1,1,-1.9,-1.5,-2.2,1.7,-0.8,2.3,0.2,-3.7,-5.8,-1.1,0.2,2.6,-3.9,2.4,0.4,0.4,7
2012,1,-5,-4.5,-9,0.5,-4.7,1.1,5.7,5.4,4.7,3,-4.8,-4.6,-3.6,0.3,-2.2,-0.5,-6.3,17
2012,1,-9,-6.1,-13.7,-3.6,-3.9,3.5,5.4,0.7,6.9,-0.6,-7.4,-7.6,-0.7,-4,-3.7,-1.9,-3.6,7
2012,1,-1,-1.9,-7.5,2.7,-4.5,4.8,2.3,4.2,5.5,3.4,1.1,-6.5,-3.6,5.2,-4.5,-2,-3.1,6
2012,1,-9,11.8,-6,-2.4,-2.8,-3.5,-3.9,3.2,-3.8,-8.8,-9.2,2,-1.6,-3.9,-1.3,-1.4,-3.9,24
2012,1,-11,6.3,-1.8,-1.9,-2.3,0.5,1.8,3.9,8.5,4.4,-3.7,1.8,1.5,-1.9,-3.4,-1.2,0,20
2012,1,-15,8.9,-11.8,-0.5,-7.1,-3.1,2.2,3.4,4.4,-15.2,-5.3,-7.6,0.9,-0.9,-8.2,-0.1,-3.4,7
2012,1,-7,1.5,-5,0.5,-3.3,0.9,-0.4,-0.1,-3.7,-3.8,3.6,4.4,-1.8,-1.4,-3,2.3,-3,7
2012,1,-7,7.6,-0.6,1.6,1.5,-0.4,-1,1.5,4.8,-1.9,-1.6,-5.2,4.5,-0.9,3.9,3.2,-3.2,9
2012,1,-15,25.7,-9.6,9.4,-5.4,-5,-3.5,3.7,-1.2,1.5,-13.1,3.6,-2.4,9,-7.3,7.2,-0.7,15
2012,1,7,-9.4,-0.5,-6.2,2.5,-0.5,8.7,0,7.5,1.7,3.9,-6.5,0.4,-7,3.1,-3.5,0.9,3
2012,1,-3,2,-2.6,5.2,-3.2,0.5,-0.8,-6.3,-2.1,7.5,-3.7,4.5,-0.6,1.9,-3.8,8.1,-1.2,23
2012,1,-13,14.4,-12,4.9,-1.4,-3,0.2,-2.4,-8.2,-4.8,-10.9,-1,1,7.1,-0.2,-0.5,-3.6,19
2012,1,-1,2.9,0.5,2.6,4,-0.7,0.3,-4,-8.3,4.1,1.2,2.6,-3.7,0.2,8.9,4.1,-3.8,13
2012,1,-9,13.4,-0.6,4.2,-0.2,-1.6,-0.4,-5.3,1.6,-7.4,1.5,9.8,3.7,-0.1,-1.9,10.3,2.4,13
2012,1,5,-4.2,1.3,-3.2,0.6,0.4,-2.9,-3,-1.4,7.9,-2,0.4,-1.8,-2.9,1,-2.1,-0.5,4
2012,1,-11,3.7,-5.5,-1.4,-2.4,4.6,1.8,7.7,3.7,-3.9,3.6,2.7,-0.2,-0.6,-4.2,-1,1.1,8
2012,0,0,-2.1,-2.3,3.1,-1.4,1.9,-0.4,-3.3,0.1,-3.7,-0.9,1.5,0.6,3.3,-0.8,0.9,-2.4,12
2012,0,0,-6.8,-4.7,-3.4,-2.4,4.3,-0.8,2.1,3.3,0,5.6,-3.4,2.1,-1.9,-2.1,-5.1,-2.2,11
2012,0,0,1.8,-5.1,-1.9,-2.2,1.5,-2.4,0.8,0.1,5.2,-3.2,4.3,6.4,-1.2,1.1,-1.8,-5.6,1
2012,0,0,-9.8,-9.8,-4.5,-3.4,0.7,-0.7,-2.1,-5.5,6.2,5.5,-1,-2.6,-3.8,-2.3,-3.8,-3.8,6
2011,6,-5,3.6,-2.4,-1.6,-3.6,0.2,-1.5,5.5,6,-4.1,-12.2,3.9,0.6,-0.2,-5.6,-2.3,0.5,12
2011,5,-3,-0.4,-3.9,-1.3,-1.1,-0.2,-3.2,2.3,-8.3,0.9,4.9,0.9,-0.4,-0.1,-0.7,-1.8,-1.4,8
2011,5,-1,-3.5,0.2,-4.1,0.3,1,-0.8,4.4,3.4,-2.3,-3.3,5.3,-4.3,-1.1,0,-6.8,0.3,1
2011,4,2,6.6,2.7,3.2,-2,-2.2,-1.4,-2.8,0.6,-1.8,5.3,3.8,6.4,-0.3,-2,6.9,-0.7,7
2011,4,10,-8.3,8.9,-5.9,4.7,-2,2,-5.8,8.5,-2.3,2.2,3.6,-5.2,-8.8,4.2,-1.2,3.8,10
2011,4,6,-4.2,0.6,-2.3,0.9,-1.8,-0.2,-4,-1.9,2.2,11.2,5.5,0.2,-3.8,0.5,0,1.1,3
2011,4,-2,-2.9,-4.4,-5.9,-4.1,-1.7,-1.1,4.7,4.9,-9.8,-9.8,1.7,0.2,-3.3,-8,-6.8,3.4,2
2011,3,-11,8.6,-6.6,3.9,-0.6,2.8,0.7,8.1,-5.5,7,2.6,-0.8,4.3,6.9,-0.3,-0.9,-0.8,20
2011,3,-9,-2.5,-7.1,-1.9,-3.7,0.3,-0.9,1,-3.1,-6.4,-4.1,-2.4,-0.1,-1.4,-3.6,-2.1,-2.7,18
2011,3,3,-6.7,1.6,-4,-4.1,0.3,-5,-1.4,2.3,-1,9.5,0.9,-1.4,-4.1,-4.5,-2.6,-1.6,2
2011,3,1,8.9,11.9,2.1,6.8,-5.8,0.2,-4.7,5.7,-1.1,-2.2,5,-1.7,-0.5,8.7,3.6,3,1
2011,3,-1,-0.8,0.2,0.5,0.5,3.5,-1.1,6.4,1.5,-2.4,-5.8,-9.3,-1.6,1.5,2.3,-0.7,-2.2,9
2011,3,1,2.1,2.7,-2.3,0.4,0.2,-2,1.2,4.3,2.7,-1.2,6.4,-3.6,-2.5,-0.3,-1.3,1.1,7
2011,3,4,-1.9,6.5,0.4,4.1,1.6,-2.5,-1.1,-4,6.2,7,-0.7,2.8,-1.5,7.3,2.3,-3.1,16
2011,3,4,-10.9,-1.8,-2,-0.1,3.8,2.1,-0.6,1,8.4,6.1,-9.4,-7,-1,2.8,-2.2,-4.8,7
2011,2,-7,7.8,-3.3,1.4,-4.4,1,2.2,9.9,3.9,10.7,-0.8,4.9,-3.1,0.8,-6.3,2.1,0.4,2
2011,2,-5,-5.7,-6.4,-4.6,-0.2,1.5,-0.8,-0.6,-1.8,6.4,-19.2,-0.2,-2.1,-3.4,-0.9,-4.3,0.3,3
2011,2,-8,6,-1.5,4.1,-1.2,-0.1,1.8,5,-3.6,11.1,-0.8,-5,0.7,6.3,-1.2,-0.5,-0.7,14
2011,2,8,0.2,4.6,-2.2,4.7,-0.8,-0.2,-0.5,-0.3,8.4,-0.8,3,-0.9,-2.4,3.6,-0.9,4.7,4
2011,2,-7,13.5,-5.3,3.1,1.7,-1.2,2.7,2.8,-2.9,-1.5,-11.4,1.2,5.8,2.4,1.4,2.8,1.4,32
2011,2,8,-2.6,7.9,0.4,3.2,1.4,0.9,-1.5,6.7,2.6,3.7,0,-1.9,-0.8,3.8,0.6,1,18
2011,2,1,3.2,8,3.9,6.1,1.5,-0.3,-4.2,-1.4,0.5,5.9,9.2,-0.7,2.9,8.5,2.1,-0.2,1
2011,2,8,-19.4,-10.1,-4.5,-4.3,6.5,6.1,2.2,1.2,-7,10.7,-5.9,-1.5,-2.2,-3.6,-5.2,-4.7,14
2011,2,-1,3.8,-1.8,3.8,-1.7,-2.7,-0.4,-5.9,-4.8,-4.8,-5.9,-0.1,2.7,1.3,-4.6,6,3.3,8
2011,2,-5,7.2,0.8,1.9,0.9,-3.2,1.2,1.1,-1.5,-8.6,-5.2,-1,-0.1,1,3.3,2.5,-3.6,8
2011,2,-1,7.2,-2.2,2.5,-4.5,-7,-3.2,-12.5,5.6,-8.3,-8.5,1.5,-0.3,0.1,-1.5,4.3,-6.1,17
2011,2,-5,3.5,-3.7,0.5,-2.2,0.6,-0.5,5.4,1.1,-2.7,1.6,0.1,0.8,1.5,-0.8,-1.1,-4.2,7
2011,2,-8,5.5,0.8,-0.9,-0.5,-4.6,-0.6,-4.9,0.3,-3.6,-1.5,0,-1.4,-1.7,2.5,-0.2,-3.6,22
2011,2,-3,4.4,1,-1.2,-1.3,-0.8,-4.6,0.5,3.1,-4.5,-8.6,9.5,-2.3,-1.1,-2.3,-0.9,0.4,11
2011,2,-1,10.5,4.7,2.2,0.9,-8.2,-5.4,-7.1,-3.8,-13.6,-12.4,15.9,3.3,2.5,0.1,-0.1,1.9,5
2011,2,7,-7.6,1.9,-3.1,3,-1.5,1.4,-9.7,-0.5,-5.2,6.7,5.3,-0.2,-2.6,4.8,-4.3,-0.4,1
2011,1,-9,-2.4,-15.1,-5.6,-7,-1.3,2.3,1.8,-1.4,4,-0.4,-6.4,-4.1,-7.8,-5.6,0.4,-6.7,4
2011,1,-13,20.2,-1.1,3.9,0,-1.1,-4.7,5.3,-3.2,13.9,-13,1.8,4.3,3.8,-2.4,2.7,3.2,13
2011,1,-15,26.4,-7.8,7.8,1.4,-0.8,-1.8,5.8,-2.7,-3.9,-6.7,10.8,-2.2,7.7,2.1,5.3,0.6,42
2011,1,-7,13.9,0.7,3.6,1.8,-3.1,-2.8,-1.3,-5.8,4,-2.5,6.6,-0.5,0,4.8,6.8,-3.7,2
2011,1,3,-5.1,-8,-0.3,-4.2,2.6,1.1,-2,1.2,-9.2,-0.6,-3.3,0.8,-0.1,-6.2,-0.4,-1,7
2011,1,-1,-2.3,-0.7,3.7,0.3,-1,2.3,-2.9,1.1,-3.7,-4.5,-6.8,-2.9,2.3,0.2,4.7,0.6,4
2011,1,-1,3.5,-0.5,4.7,1,-3.6,-1.9,-12.6,-3,-13,-7.1,2,-2.4,3,2.6,5.3,-1.2,30
2011,1,-11,20.3,-0.2,5.2,3.6,-7.2,-0.4,0.3,-4.6,-4.5,-11.7,7.1,4.2,6.1,4.2,2,2,22
2011,1,-13,4.8,-13.6,-2.8,-2.1,-1.8,-0.2,-0.3,-2.2,-11.8,-1.4,2.6,-0.1,-1.8,-5.7,-3.3,3.4,15
2011,1,5,3.2,0.5,-0.2,3.4,-0.2,1.6,3.7,5.5,-0.2,-6.1,-5.1,-7,-1.5,3.8,2,1.9,11
2011,1,-15,17.8,-13,9.7,-1.5,0.1,2.1,2.6,-6.4,2,1.7,-5,2.6,13.5,0.1,2.7,-2.6,19
2011,1,1,4.2,-0.4,2,-0.3,0.6,-5.7,-1.4,-0.2,-10.9,-7,4,2.6,-1,1.4,5.7,-2.4,11
2011,1,-11,11.5,-4.1,4.4,-1.1,-2.6,1.3,5.4,3.3,-2.1,-16.1,-4.5,-4.9,6.6,-0.1,0.4,-2.1,17
2011,1,-15,23.1,-13.9,7.3,-0.8,-3.9,3.3,5.8,-5,-4,-15.9,-1.8,3.2,6.4,-1.1,6.6,0.1,29
2011,1,-3,8.4,2,4.2,1.6,-3.6,2.2,0.9,0.2,-5.1,9.3,-2.3,-1.9,3.7,1.9,2.9,0.9,3
2011,1,5,-0.6,2.9,-3,2.4,-3.7,4.6,-2.8,4.1,3.6,-3.8,-1.9,-2.9,-6.7,3.5,1.7,-0.1,18
2011,1,-7,5,3.4,-1.8,0.3,-1.3,-4.6,6,3,2.4,1.2,1,-1.4,-2,3.4,-0.7,-4,8
2011,1,9,-6.7,9.2,-2,5.1,4.3,-0.8,6.3,-7.4,10.7,-2,0.9,-0.6,-1.7,2.9,-1.4,5.6,1
2011,1,-9,12.1,-5.2,0.3,-2.9,-2.6,-0.1,3.2,3.8,-0.6,-5.3,-2.5,0.2,-1.7,-3.6,2.8,-0.9,2
2011,1,-3,-2.9,-3.4,-0.1,-4.4,-1.3,1.9,-0.1,-1.5,2.7,-2.7,-2.6,1.1,-0.9,-4.8,1.4,-0.7,2
2011,1,7,-4.7,-1.7,0.2,-0.9,-2.7,1.9,-4.3,1.3,-12.9,1.3,-5.6,-1,-1.2,-0.8,2,-0.7,3
2011,1,-13,7.8,-11.8,0.7,-4.7,-4.7,-0.7,2.2,0.8,-12.3,-15.2,-7,0.5,5.3,-3.2,-4.1,-3.6,18
2011,1,5,-0.5,-0.5,3,-3.6,1.3,-3.3,3.2,-4.9,-2.5,-5.1,5.2,0,2.6,-4.9,2.6,-0.3,15
2011,1,-7,2,1.2,-2.6,3.9,2.9,3.4,6.9,4.9,-0.3,10.7,-7.7,3.3,-5.2,2.5,1.8,5.1,5
2011,1,-9,11.5,2.9,-2.4,2.1,-6.6,-10.5,-3.6,-5,-8.6,-13.3,8.1,6.5,-3.3,1.1,-0.4,3.4,14
2011,1,-11,4.9,-8.2,-1.4,-3.1,-2.8,0,-3.3,-3.9,-3.9,-7.9,6.9,-3,-0.2,-3.6,-4.1,-1.5,8
2011,1,-13,13.7,-5.3,0.5,-0.1,-3.2,-0.9,9,-1.9,-1.6,-14.5,-9.3,-2.9,2.1,4.4,-1.4,-5.5,28
2011,1,-3,0,-0.6,1.6,-1.5,1.8,-0.1,1.5,2.7,7.7,-5.9,-2,1.2,4,-0.6,-2.3,-1.6,2
2011,1,-1,2.3,-0.4,1.3,0.8,-3.7,-0.1,-12.2,-0.1,0.3,11.5,5.6,4.9,-0.2,5.2,2.3,-4.4,2
2011,1,-15,20,-6,4,-2.8,-2.8,-6.5,11.5,-7.4,1.3,-7.6,-3.5,-1,1.5,-3,7.3,-1.5,23
2011,1,-11,11.5,-4.5,-2.7,-0.9,0.2,-0.3,13.5,5.1,-0.3,-8.2,-2.5,-1.7,1,-1.7,-7.1,1,29
2011,1,-5,-2.3,-5.7,-2.1,-3.5,0.9,-2.6,4.8,-5.9,4,-5.3,-6.7,1,-1.4,-3.7,-2.4,-2,15
2011,0,0,10.3,-1,4.8,2.4,-3.7,-3.4,-6,0.1,-4.6,-16.3,10.7,1.4,2,4.2,6.6,-1.8,9
2011,0,0,4.7,6.3,1.2,3,-0.7,3.7,1,7.9,1.6,-2,6.4,-2.3,-0.5,4.3,1.6,0.1,13
2011,0,0,-1.1,-5.7,1.1,-2.5,3.2,3.2,2.4,4.5,-0.7,-5.6,0.9,-2.1,6.6,-3.9,-7.1,0.1,4
2011,0,0,2.1,-4.9,-0.5,-0.3,0.8,4,0.8,1.9,8.8,2.4,-1.6,0.7,-0.8,-2.1,0.2,2.1,18
2010,6,-4,12,-0.5,-0.5,-2.9,-2.2,-0.3,10.3,4.9,-9,-0.5,2.1,0.8,-4,-2,4.3,-3.4,2
2010,5,0,-3.7,-4.1,-0.6,0,-2.3,2.8,-9.4,-1,10,3.2,5.3,-3.1,-0.7,1,-0.2,-1.1,2
2010,5,-1,4.5,-3.7,1.6,-3.2,-1.8,0.7,-1.3,0.2,-1.7,-5,5.5,0.8,-1.1,-2,4.8,-4.1,21
2010,4,-2,1.4,-6.2,-3.9,-0.8,-3.8,3.5,2.5,-0.9,1.8,-0.1,3,0.8,-6.1,2.8,0.4,-5.4,7
2010,4,-1,4,2.2,1,1.4,2.1,-4.3,6.3,-3.9,1.3,-9.3,1.4,1.5,-0.2,-0.6,2.4,3.1,1
2010,4,1,1.8,3.7,-4.1,3.8,-2,0.9,1.1,0.3,-4,9.4,3.6,-0.9,-6.5,5,0.6,1.1,7
2010,4,3,-7.1,-2.4,0.4,-0.2,-1.2,-1.9,-10.2,-6.6,-3.4,-12.7,6.9,-2.4,1.9,0.9,-1.9,-2,7
2010,3,-4,4,3,2,0,3.1,-1.6,9.1,1.6,-0.1,2.6,-7.3,2,4.1,0.4,-1,-0.5,7
2010,3,-3,12.6,1.4,1.4,-1.1,0.2,-2.1,11.3,0.5,-0.7,-2.7,3.6,-2.8,-2.8,2.5,6.7,-7.1,13
2010,3,-7,4.5,-3.3,-0.9,-1.6,3.2,1.8,3.9,2.1,3.4,4,-3.2,2,0.8,-5,-2.5,3.5,23
2010,3,4,-8.5,-1.3,-5.5,-1.9,1.4,1.3,4,2.9,-0.2,14.3,-2.6,-1.5,-3,0.6,-7,-4,3
2010,3,-9,4.3,-0.9,-0.8,0.4,0.8,-1.4,5.1,-0.1,-1.3,-5.5,-1.6,-0.3,-1.5,0.2,0.1,0.3,13
2010,3,4,-8.7,-1.8,-6.6,0.7,-2.7,-0.4,-6.7,-6.9,10,9,6.1,4.2,-6.2,-0.1,-4.9,1.5,4
2010,3,-11,-2.5,-12.8,-3.5,-5,1.7,-1,8.8,1.9,14.5,-8.8,-6.6,-2.7,3.4,-5.5,-10.1,-3,17
2010,3,-4,0.3,-3.8,-1.6,1.2,1.9,5.7,5.4,4.1,8.4,14.4,-4.2,4.9,-1.1,-0.8,-1.6,3.9,5
2010,2,-8,5.2,0.5,-1.2,1,0.5,-6.5,7.3,-6,5.7,0.2,-2,-2.3,0.4,0.9,-3.1,0.7,9
2010,2,8,1.9,9.8,5.1,1.3,4.1,0.8,1.9,3.5,-3.4,2.5,0.2,2.6,1.1,1.5,7.5,0,18
2010,2,3,4.8,2.1,2.6,1,-1.4,0.9,-1.8,-1.2,-0.9,-0.9,1.8,-0.7,1.2,2.4,3.4,-1.6,3
2010,2,-7,6.1,-3.6,3.6,-0.9,2.8,3.8,5.1,5.7,-12.3,-8.6,1,-1.7,2.7,1.4,3.6,-3.7,22
2010,2,-8,8.2,1.1,5.8,2.8,-5.7,0.5,-8.8,-4.3,-1.9,-8.4,4.2,4,5.8,2.3,3.2,2.4,9
2010,2,1,-4.8,-3,-0.2,1.6,4.7,-2.5,4.5,-8.4,3,1.8,-4.5,1.2,1.7,2.9,-4.2,-1.2,2
2010,2,-1,-3.1,-3.4,-0.5,-1.9,-2.1,2.8,-4.1,2.1,-9.8,1.4,5.9,1.6,0.7,-3.3,-2,1.8,2
2010,2,-7,1.4,-8.7,-2.8,-4.6,-1.2,2.6,6,1.2,2.5,0.8,0.2,-0.7,-5.1,-4.7,1.1,-3.3,15
2010,2,8,-1.6,2,3.1,-1.3,-1.8,-5.1,-3.4,-0.9,-11.2,-18.9,0.6,-5.1,1.9,0.8,3.3,-3.4,7
2010,2,-5,-0.8,-2.6,-4.3,0.2,4,1.5,9.8,5.9,11.4,10.9,-12.1,1.7,-2.3,0.6,-5.3,-0.1,12
2010,2,-8,2.2,-6,-4.2,2.6,-2.8,-2.2,-8.8,-5.4,4.9,-0.1,4.4,-1.2,-3.4,5.1,-3.9,-2.3,2
2010,2,8,-11.5,-0.3,-5.5,3.4,-0.8,0.4,-7.7,-4.9,-4.3,-2.6,5.9,0.4,-5.2,4.6,-5,0.2,2
2010,2,-8,7.9,-4.5,6,-0.7,-0.8,0.6,2.1,-1.9,2.8,-8.8,1.1,0.1,7.3,-2.7,2.3,2.1,30
2010,2,8,-1.8,-4.8,-0.9,-3,1.3,2.1,1.5,5,-4,9.6,5.1,1.2,1.7,-3.2,-3.3,-1.2,18
2010,2,-8,12.3,4,5.6,-1,0.2,-4.6,-4.2,3,5.8,4.5,8.1,1.4,3.8,-4.5,6.4,3.7,8
2010,2,-8,2,-8.6,1.2,-1.6,0.8,1.5,2.3,-1.9,-5.5,5,-5.7,-0.4,5.4,-1.4,-4.5,-1,15
2010,1,-7,2.4,-11.8,-1.6,-4.5,3.2,0.3,9.9,-5.8,-1.1,-0.6,-1.2,2.1,0.2,-4.7,-3.1,-2.9,3
2010,1,-9,5.8,-6.3,3.7,-6.2,3.9,-1.8,4.8,-1.7,0,-10,2.4,-1.5,4.7,-9.5,3,0.6,12
2010,1,-15,15,-9.9,9.4,0.9,0.9,1.8,0.8,0.7,-12.5,-9,-1,-5.3,8.6,2.5,7.4,-1.8,23
2010,1,-13,17.4,-4.6,5.4,-0.9,-5.1,-0.2,1.9,-3.1,-9.6,-13,1.5,4,7.3,-3.8,1.4,2.7,17
2010,1,3,0.7,0.8,-1,-0.5,-3.6,2.5,-1.8,4.6,-0.9,3.5,6.3,2.3,-3.3,-2.1,2.6,2.3,8
2010,1,-9,0.5,-8.9,-0.2,-3.2,-1.1,1.8,-6.1,2.3,-0.1,15.4,5,7.7,0,-5.8,-0.3,2.6,8
2010,1,3,-4.6,-3.4,-2.1,-3.8,4.8,1.9,9.2,5.8,1.2,-2.4,-5.9,-2.8,-3.5,-2.2,0.9,-4.8,5
2010,1,-1,7.9,7.7,3.5,3.3,-5.7,-5.4,-6.1,-3.8,10.6,-0.6,2.3,-1.8,3.7,4.5,2,1.1,7
2010,1,-9,11.3,-2.9,2.3,0.3,-3.8,-1.4,-3.4,-2.8,-11.6,0.3,6.2,1.3,2.3,-1.7,0.9,3.7,4
2010,1,-7,-4,-5,-5.5,0.6,2.1,3,0.1,2.7,18.8,5.7,-9.2,-1.2,-3,0.2,-7.8,1.1,16
2010,1,7,9.8,12.9,7.4,5.1,1.8,2.6,-0.3,2,1.7,11.6,4.5,1.6,2.7,3.5,9.5,5.8,13
2010,1,-1,5.6,-0.8,1.9,-0.2,-2.3,-3.6,-5.1,-5.8,-0.3,-7.7,5.6,-0.8,0.1,2.1,3.7,-3.1,15
2010,1,-11,4.4,-10.8,0.6,-5.7,-0.3,-1.5,0.1,0,1.7,1.4,-2.3,-1.6,-0.9,-6.4,2.7,-2.5,23
2010,1,-15,30,-9.1,5.7,-2.1,-7.9,0.9,5.3,5,-10,-20.5,9.2,2.6,2.2,-0.4,8.5,-4.1,29
2010,1,-5,2.1,1.1,-0.9,-0.9,-1,-3.5,1.8,-2.6,8,0.1,1.1,-2.6,0.1,2.4,-2.2,-4.3,11
2010,1,-13,12.9,-11.5,1.4,0.4,-0.7,0.4,2.3,-2.6,-4.3,-4.1,0.4,0.4,1.5,0.4,0.5,-0.1,27
2010,1,-13,14.2,-11.5,0.2,-1,-1.3,5.3,7.9,3.5,-2.6,14.6,-5,-0.7,-1.9,-2.1,3.3,0.8,20
2010,1,9,-6.5,-0.9,2.6,-3,2.2,4.6,6.6,-2.3,-6.3,0.2,-2.9,5.9,2.8,-4.2,1.2,0.1,1
2010,1,-3,4.4,-3.6,5.5,-1.8,-2.6,1.7,-6.2,-4.7,5.5,8.7,8.7,0.6,0.7,-3.7,10.1,1.3,7
2010,1,-7,1.4,-1.3,-1.8,2,0,-0.7,1.5,-2.8,7.3,-8.6,6.5,1.1,-2.5,2.7,-0.1,0.4,18
2010,1,-11,9.3,-2.7,-3.6,1.9,-2.9,0.4,5.2,-2.4,8.1,-3.8,-5,1.2,-4.1,4.3,-2.4,-2.7,5
2010,1,-15,16.4,-9.7,5.3,-5.5,-0.8,-4.3,5.9,-1.9,3,-10.2,1.1,2.5,6.5,-6.7,1.9,-1.9,29
2010,1,1,-6.5,-0.4,-4.1,-1.1,2.8,-1.3,-0.1,1.6,0.1,3.3,2.4,0.3,-3.7,0.2,-3.7,-3,1
2010,1,5,-12.2,-9.1,-4.9,-3.8,4.1,6.5,7.7,-0.3,-7.8,1.9,-7.5,-7.7,-2.1,-2,-7.1,-4.9,1
2010,1,-11,9.8,-6.6,0.7,-5.7,1.5,-3.2,4.6,3.1,-2.6,-7,2.3,-1.3,1.1,-9.1,0.5,0.4,9
2010,1,3,6.8,4.7,4.2,1.9,0.2,-6.7,7.8,-4.7,0.3,-6,6.1,-4.7,2.3,2.5,5.1,0.1,9
2010,1,-13,17.2,-4.8,3.3,0.5,-3,-2,3.1,-0.5,-2.1,1.3,8.9,-0.9,3.6,-0.5,1.2,1.5,3
2010,1,5,-2.4,-1.8,-3.1,-3.2,1.6,0,5.7,-0.8,6,15.2,-2.1,0.1,1.6,-4.1,-7.7,-0.4,2
2010,1,-15,15.2,-15.3,3.7,-5.5,0.3,0.6,8.6,2.2,-1.8,0.5,-1.9,-2.2,4.9,-6.9,0.5,-1.6,16
2010,1,1,-2.1,-2.6,-2.6,0.8,0.7,-2.3,1.7,-4,6.1,-18.4,4,-1.7,-5.9,1.5,2.1,-0.4,3
2010,1,11,-9.3,4.2,-6.3,-0.6,-2.8,1.9,-1.9,2,4.1,2.3,1.7,-1.9,-8.3,1.1,-2.2,-2.7,14
2010,1,-5,-2,-3.8,-1.1,-1.7,-1.9,2.5,-6.6,0.4,-5.4,9.1,5.2,-0.4,-1.7,2.6,0.2,-6.4,3
2010,0,0,0.9,1.2,3.2,0.1,6.4,-2.2,1.4,-2.5,12.6,15.2,3,-1.1,2.1,-1.6,4.2,2.4,17
2009,6,-1,9.8,2.5,3,-0.6,-4.3,0.4,-1.5,5.1,-1.3,-11.1,5.8,-0.4,2.5,-2.3,3.1,1.8,17
2009,5,1,-2.3,3.1,-1.5,4.8,2.8,3.5,0.9,-3.5,-5.3,17,2,-0.3,-2.9,6.1,1.3,1.4,9
2009,5,-2,9.2,1.5,2,-0.7,-2.4,-1,3.1,2.3,-2.1,-13.3,0.3,1.4,1.2,-0.3,3.3,-0.1,14
2009,4,-1,5.2,-1.6,-2.4,0.8,-3.5,2.4,2.3,0.3,-6.7,-3.4,8.1,0.4,-5.6,1.7,3.4,-0.3,12
2009,4,1,1.2,3.7,-2.9,2.9,1,-3,5.5,-5.3,9.7,6.3,5.6,1.5,-2.6,3.7,-1.5,0.9,12
2009,4,-2,-0.8,-4.5,-1.4,-3.9,1.8,-8.3,5.5,-4.1,9.8,-20.4,0.6,2.5,-1.3,-5.8,-1.1,0.1,7
2009,4,2,-6.8,-2,-2.1,0.8,0.8,2.5,-6.4,-0.2,8.9,8.5,7.8,-2.4,-3,-0.1,-0.2,0.8,2
2009,3,-11,-5.6,-15.2,-0.3,-6.7,0.5,4.9,-0.7,-2,-6.1,5.1,-9.6,-0.9,0.1,-6.7,-1.8,-4,39
2009,3,-1,-0.4,-0.2,-3.4,3.2,0.1,0.9,4,-2.1,1.6,1.4,-2.7,-3,-3.7,6.2,-1.7,-1.6,5
2009,3,-3,6.9,0.2,-2.4,2.4,0.2,-0.6,8.4,1.8,4.3,-4.1,4.1,0.8,-2.3,5.3,-0.9,-1.6,21
2009,3,-1,1.5,0.8,0.8,-0.9,-0.7,-0.9,1,-3.4,7.2,2.6,2.9,5.2,1.2,-5.1,0.2,4.3,13
2009,3,-4,6.2,-1.7,1.3,-1.7,0.8,-5.6,10.4,-1.2,13.2,-11.8,-2.5,2.9,2.4,-0.9,-0.6,-2.4,12
2009,3,1,4.5,7.4,2.6,4.9,-2,2.7,-3.7,4.3,-3.3,4.4,-1.8,-1.2,2.1,6.7,2.6,0.3,11
2009,3,-3,11.5,2.4,0.7,2.8,-3.5,0.8,5.6,2.3,-12.3,-3,0,4.1,4,3.5,-4,0.5,5
2009,3,1,-3,-2.1,0.3,-0.5,1.4,-1.8,-1.3,-3.3,0.5,7.7,2.5,-1.1,0.2,-1.7,0.3,-0.1,23
2009,2,-8,2.5,-11.7,1.7,-4.9,1.7,0,0.9,-2.5,-4.3,5.8,-2.2,-0.1,-0.4,-5.1,3.9,-3,17
2009,2,-8,4,-1.3,-1,0.9,-0.3,0.4,3.4,-4,-1.1,3.8,2.4,-1.1,-2.8,2.9,2.8,-1.8,5
2009,2,-1,13.9,8.2,6.1,4.6,0.5,-6,2.4,0.6,0.9,-12.6,3.3,0,3.6,4.8,8.3,2.1,14
2009,2,-8,-2.3,-4,2.3,-5.2,5.1,-1,5.6,2,10.7,-0.9,-5.1,-5.7,1.1,-7.4,3.4,-0.2,11
2009,2,-3,-0.9,-1.1,-2,-0.3,2.2,-0.3,6.8,5.3,0.6,-4.7,-9.1,-10.2,-1.7,1.6,-2.1,-2.3,11
2009,2,-8,11.7,-2.3,6.2,-1.6,0.3,-2.8,-0.9,-0.9,1.3,-1.8,7.8,2.9,6.2,-4,4.3,2.2,17
2009,2,-7,4.5,-4.6,-1.1,-3.7,1.2,-1.6,14.3,-1.1,-6.4,-11.1,-7.3,0.4,1.4,-4.3,-3,-1.6,8
2009,2,-3,-0.2,-4.3,1.5,-4.6,-0.4,3.6,-0.7,4.1,-8.8,9.8,-5.6,0.1,2,-3.6,0.5,-4.4,4
2009,2,-3,-5.4,-3.8,-4.9,-2.5,0,-2.2,-0.2,-1.4,10.7,3.1,2.9,-1.8,-3.7,-3,-4.7,-2.4,20
2009,2,-8,2.8,-10.8,0.9,-6.4,-1.1,-1.5,3.6,0.9,-0.1,-10.6,-1.2,0.9,2.7,-5.4,-2.1,-6,26
2009,2,-7,11.8,-4,2.9,1,-1.1,1.5,1.6,1.4,4.4,-9.8,4,0,3.4,-0.2,1.3,2.1,14
2009,2,1,-2.3,-2,1.2,-2.7,-2.8,2.2,-12.5,0.8,-11.1,-2,0.4,-1.2,0.6,-3.6,0.9,-0.6,2
2009,2,-8,7.2,-1.8,5,-3.2,2.1,-3,8.2,-1.3,18.1,-1,-8.2,-3.7,6.3,-7,1.7,2.5,10
2009,2,-8,6.8,-9.6,2.8,-5.3,-3.7,1.6,-6.3,-0.5,1.7,-1.8,2.2,-0.5,3.4,-8.8,1.7,0.3,2
2009,2,-5,5.3,0.3,2,1.8,-1,3.5,-1.8,0.5,2.8,-5.6,6,1.4,1.4,3.2,2.1,-0.5,5
2009,2,-8,2.2,-12,3.1,-6.7,0.7,0.1,2.9,-6.5,11.9,5.3,-6.8,-0.3,4.7,-6,-0.7,-4.7,19
2009,1,7,6.4,4.1,0.7,4.2,-6.3,-2.9,-3.3,-9.6,-4.6,-1.6,0.1,3,-0.4,6.9,1.8,-0.1,2
2009,1,5,-12.5,1.6,-1.5,-1,2.3,-1.2,-3.4,-1.4,2.3,-1.5,-5.1,1.5,-2,-2.3,-0.1,1,8
2009,1,9,-7.4,0.1,-5.5,1.2,-2.2,3.5,-2.6,2.8,-6.9,5,-0.6,-1.5,-6.2,0.2,-1.6,2.4,15
2009,1,3,-3.4,-9.2,1.1,-1.1,1.5,1.5,-3.3,-6,5.6,-2.1,-6.4,1.3,1.9,-2.6,-0.8,0.8,17
2009,1,-11,9.7,-10.5,-0.8,-0.2,-3.2,5.2,1.7,4.4,4.2,6,-6.1,-2.6,2.6,-0.1,-5,-0.2,19
2009,1,-11,21.9,3.9,7,3.9,3,-2.7,9.5,7,10.3,-12.1,-1.6,-7.6,7.6,5,3.9,1.7,15
2009,1,-5,9.8,-0.2,5.3,0.7,-0.6,1.4,-3.4,0.5,10,0.5,3.7,6.5,8.3,3.1,0.3,-2.9,9
2009,1,-9,1.8,-14.2,-1.3,-7.3,1.9,-3,4.2,-4.8,15.5,0.6,0.4,-4.5,-2.3,-8.8,1.8,-2.4,18
2009,1,-11,0.9,-12.3,-1,-5.8,4,0.9,4.2,1.6,2.2,5.4,-1.9,0.8,0.7,-7.7,-3.2,-2.2,10
2009,1,-15,11.8,-15.1,4.9,-4.1,-3.3,4.7,-4.3,2.9,-11.3,-8.7,-8.3,0.2,3.7,-2.5,4.3,-4.5,20
2009,1,-5,1.2,-6.1,-4.5,3.6,-1.5,4.5,-1,2.7,7.8,-0.3,-1.7,-7.2,-3.3,6,-4.8,-1.6,1
2009,1,1,-2.4,2,-3.8,1.5,-2.9,2,6.1,0.8,-2.6,-0.2,-3.7,-1.2,-2.4,3.8,-4.5,-0.9,2
2009,1,7,8.2,8.4,-1.6,5.9,-1.6,2.5,8.3,8.8,-1.7,-11.2,-4.7,-2.9,-3.1,7.5,1.7,0,13
2009,1,-15,16.5,-7.1,2.2,-1.5,-0.7,-3.5,10.4,-1.5,-6.5,-2.2,-3.1,1,2,-1.8,1.8,-0.1,10
2009,1,-1,1.6,0.3,3.1,-0.4,-1.6,-0.3,-9.7,0.2,2.7,4.5,7.2,1.3,-1.5,-1.3,6.9,0.8,2
2009,1,-13,12,-9.8,-3.6,-1.6,-1.5,-3.3,8.3,-5.4,4.4,-3.1,-0.6,2.8,-2.4,1.3,-4,-4.8,15
2009,1,7,3.9,13.7,1.3,5.3,0.7,-1.9,6.9,-1.8,11.3,4.6,-1.8,5.8,-0.6,4.1,2.7,5.3,4
2009,1,-13,19.6,-4.5,8.8,1.1,0.6,-4.5,-1.5,-1,13.4,-12.9,2.9,-0.1,11.7,-1.6,1.4,3.7,28
2009,1,-9,14,-3.1,7.1,-1.3,-4.3,-5.1,-3.5,-5.8,-0.7,-16.2,0.1,-1.3,6.4,-6.8,6.2,5.8,13
2009,1,-1,2.3,1.6,-1.8,1,-2.4,-1.4,5.1,1.2,-8.1,1.2,-0.6,-1.9,-3,2.6,2,-1.1,4
2009,1,-15,23.7,-9.2,3,-0.3,-6,3.9,3.9,3.1,-3,-4.7,7.9,-1.3,1.9,-0.2,4,0.1,43
2009,1,3,-5.2,-0.4,-2.6,0.7,-2.2,-3.1,-11.1,-3.9,-3.1,-2.7,6.9,5.8,-0.7,4,-4,-4.5,3
2009,1,-13,16,-9,1.1,1.2,-2.1,1.9,5.7,-2.3,0.6,-10.6,4.6,-1.4,0.6,1.3,1.4,0.9,24
2009,1,-3,5.8,1,-1.1,-1,-3.8,-3.3,3.4,-1.2,4.1,0.5,-5,-5.1,-1.4,0.2,-0.2,-1.2,14
2009,1,-5,11.6,-0.2,3.7,4.8,0,2.1,4.2,-2.8,-5.5,-2.1,1.9,-1,3.1,5.6,3,2.4,1
2009,1,-13,10.2,-12.8,-1.5,-7.1,-6.1,-1.3,1.4,-1.8,5.5,-7,-0.2,-4.4,0.3,-8,-3.5,-2.8,11
2009,1,3,-6.4,-3.2,-7,-0.9,-0.4,3.8,2.6,6.1,-6.3,-2.8,0.3,-1.6,-4.4,-1.7,-9.4,-0.2,13
2009,1,-9,4.2,-5.2,-1.2,2.1,0.2,1.2,10.7,-4.8,3.2,3.8,-0.5,2.8,1,3.3,-2.1,-0.3,13
2009,1,-7,0.7,-11.2,-1.6,-4.6,-1.2,5.4,0.9,5.1,-8.7,-0.5,-5.4,-4.2,-2.5,-4.5,0.3,-2.2,5
2009,1,1,-0.3,4.3,-4.4,2.9,2.7,-1.8,7.9,4,11.3,-6.2,-3.8,-1.4,-4.9,0,-1.9,6.2,13
2009,1,-15,13.3,-20.8,0.9,-10.3,-3.4,-2.5,6.8,-1.2,0.1,-11.5,2.5,4.9,1.9,-10.4,-0.4,-5.9,56
2009,1,-11,10.4,-8.7,-2.9,2.1,-2.2,0.9,4.6,0.3,10.1,2.8,10.5,-4.9,-2.4,2,-2.2,0.7,13
2009,0,0,2.1,-0.4,-3.2,5.1,2.7,-1.1,5.3,-6.4,6.8,5.1,9.5,1.5,-4.8,3,0.3,5.7,15
2008,6,0,4.4,-0.6,3.9,0.9,2.5,-0.1,-0.2,-0.5,-4,-0.7,9.3,0.2,2.5,-1.4,4.8,2.6,7
2008,5,0,0.8,-0.7,0.5,-3.1,-2.5,0.7,-1.4,2.4,3.1,6.1,-12.2,-0.5,0.5,-2.8,0.5,-2.7,15
2008,5,0,-1.5,-6.4,3.6,-3.9,0.3,1.3,-4.9,0.1,-1.6,5.3,-5,1.4,3.3,-6.6,2.5,0.2,18
2008,4,-1,-3.6,-7.7,1.2,-2.3,2.4,4.6,1.5,-4,8.4,0.7,-6.9,-0.6,4.4,-0.6,-3.1,-3,18
2008,4,-9,6.7,-6.2,2.5,-5,1.8,-1.9,5.2,0.6,10.1,-6.3,-1.9,4.7,1.3,-5.8,3.6,-2.7,2
2008,4,-2,10.8,5.4,-0.1,4.1,-1.4,-0.6,9.1,-1.9,1.5,-7.8,11,-1.5,-1.4,4.7,2.2,2.1,10
2008,4,-2,0.7,-6.6,-2.4,-0.6,-0.7,2.2,3.4,-2.9,-5.1,-5.8,-1.3,0.8,0.2,0.2,-4.7,-0.7,19
2008,3,-1,7.8,4,1.7,1.4,-4.6,0.2,-2.8,4.4,-7.6,-1.8,-1.1,2.2,0.5,1.1,1.4,-0.1,20
2008,3,-11,13.5,-8,7.5,-6.8,-1.4,-1.2,1.4,-1.9,-2.5,-15.4,-2,-0.2,7.6,-7.4,5.3,-3.7,15
2008,3,7,2.1,6.3,3.5,5.9,-2.2,2.4,-3.8,-0.1,-13.6,11.9,2.1,-4.8,4.8,5.3,0.5,4.2,17
2008,3,-4,2.3,-6.6,0.1,-2.6,-4.5,3.6,-1.7,-2,6.9,-1.4,-12.3,0.9,1.3,-3,-2.2,-0.9,18
2008,3,-3,9.5,2.1,-0.7,1.5,1.8,-0.8,14.7,-0.8,-0.5,-2.7,2.9,-5.2,-0.9,2.5,0.4,-0.5,21
2008,3,-4,1.7,0.7,3.2,-0.9,3.4,-3.2,1.4,-1.1,5.8,-8.3,6.2,2.2,2.1,0,3.1,-2.2,4
2008,3,1,-2.5,-5.1,0.7,-5,2,-3,-2.8,-3.7,-1.5,-6.1,-1,0.9,2,-7.2,-0.8,-0.7,19
2008,3,-11,6.6,-8.8,-1.4,-0.7,-1.1,-3.1,2.5,-6.2,1.3,-23.2,2.8,-1.8,1.3,-0.8,-4.6,0,10
2008,2,-1,1.1,-5.7,-1.4,-0.7,4.6,-1,4.8,-5.5,2.6,21,3.8,4,-0.3,-0.9,-3,-1.1,12
2008,2,-1,9.6,1.2,4.2,-1.8,-1.9,1.5,4.6,2.9,0.3,15.1,4.2,3.2,2.3,-2.1,5.1,-0.8,9
2008,2,-3,4.7,-6.8,3,-2.9,0.5,1.5,0,0.7,-2.2,3.2,-3.4,-4.4,4.5,-2.9,0.2,-2.1,30
2008,2,-5,9.1,-1.3,2.3,-1.3,-4.8,-2.7,1.2,-0.4,-7.2,-4.4,-6.9,1.8,2.8,-0.5,0.1,-2.4,3
2008,2,8,1.7,3.8,-2.6,7.4,-4,4.5,-0.7,-4.2,-7.7,1.3,7.2,-4.3,-2.1,6.5,-2.3,5.9,4
2008,2,-8,12.1,-2.6,1.1,-0.2,-3,-0.1,4.9,-2.9,0.1,-9.9,7.9,-2.9,-0.2,0.4,3.1,-0.9,31
2008,2,-7,9.2,-5,0.5,0.9,-4.8,4.7,3.1,-3.1,1.4,3.7,-3.2,-0.4,-0.4,2.8,1.5,-1.5,3
2008,2,-5,0.4,-3.3,-1.7,1.1,1.3,1.8,6.4,2.4,1.3,7,-8,0.9,0.2,2.1,-2.2,-0.6,5
2008,2,-3,-1.3,-1.3,-0.8,-2,0.1,-6.2,0.9,-4.2,2.1,-8.2,-1.1,-1.5,-1,-4.6,0.8,2.9,1
2008,2,-8,-1.9,-8.1,1.1,-4.9,-1.3,-0.3,-6.1,-1.7,2.5,-12.9,1.2,2.7,-0.9,-3.2,3.6,-5.9,17
2008,2,-1,-1.2,-5.3,1.5,0.1,-1.3,4.4,-8.4,-0.9,4.5,5.4,-1,7.5,5.2,0.5,-3.7,-0.4,20
2008,2,-7,12.6,-8.5,8,-2,2.4,0.1,8.5,-3.2,3.1,-1.4,-4.1,1.5,7.6,-5.8,6.5,2.7,19
2008,2,5,-2,2.8,-2.2,0.4,-1.9,-1.9,0.5,-2.5,-4.3,7.8,-1,-1.7,-1.6,-1.8,-1.7,2.9,6
2008,2,-8,4.1,-4.3,0.2,1.6,-0.1,4.4,4.2,-0.9,-4.5,-1.1,10.2,2.4,1.2,3.2,-1.3,-0.9,2
2008,2,-3,5.4,2.9,5.5,-2,0.7,-6.4,2.7,-0.8,5.3,-11.2,3.7,0.7,6.9,-2.4,1.8,-1.2,7
2008,2,1,-1.5,-3.2,1.8,-1.9,2.9,-2,0.2,-2.3,-2.6,4.5,7.2,-2.3,0.8,-1.2,3.3,-2.3,11
2008,1,-15,16.9,-16.9,0.4,-4.1,-7.4,1.8,5.9,-1.4,-1,-7.1,-5.7,1.1,0.4,-4,0.3,-2.4,24
2008,1,-13,9.3,-12.9,0.2,1.4,-4.3,5,3.3,4.6,-3.3,0.7,-8.2,-6.3,5.3,5.3,-5,-3.8,15
2008,1,-13,18.4,-9,-0.2,-8.5,-4.1,-6.4,6.1,0.9,-12.3,-1.7,-3.1,-0.8,0.1,-9.8,-0.2,-4.2,20
2008,1,-13,2.8,-19.8,4.8,-8.9,6.8,0.9,1.3,-0.9,0.5,7.6,-7.9,-5.3,7.2,-8.5,0,-6.5,19
2008,1,-11,6.3,-15.9,-4,-6.2,-1,2.2,3,1.5,-3.2,-0.1,-1.5,-2.2,-2.7,-6,-4.2,-4.7,18
2008,1,-15,23.9,-8.2,3.2,1,-2,-0.4,12.7,-4.4,-0.7,-12.3,5.4,-3.4,4.2,1.1,1.1,0.4,39
2008,1,9,-4.6,1.4,-3.6,2.1,-3.9,4.1,0.4,3,-2,-6.6,-4.6,-5.1,-2.5,1.2,-2.5,2.6,21
2008,1,9,-14.9,-0.6,-1.2,4.8,2.7,6.1,-7.4,-3.7,-12.4,10.2,-5.4,-0.9,-0.7,7.8,-2.2,-1.1,1
2008,1,-5,-6.4,-6,-4.5,-3.6,0.4,-1.3,0.9,-3.8,-1,-3,-4.5,4.2,-3.8,-1.7,-3.8,-4.4,8
2008,1,-1,-10.2,-10.4,-3.6,-7.8,3,1.4,2.7,1.7,2.3,-6.3,-4.8,-0.7,-0.5,-10.6,-5.8,-1.7,7
2008,1,1,-3.3,-0.4,-0.4,1.1,1.8,1.4,1.5,2.8,-4,4.6,-8.1,4.7,0,2.3,-0.8,-0.6,14
2008,1,3,2.1,-1.6,-0.4,3.6,-3.4,2.7,-2.2,-1.2,-13.4,5.2,1.4,-1.3,0.4,3.2,-1.4,2.8,6
2008,1,-3,3.7,-4.6,0.2,-0.4,-3.7,2.5,-8.1,1.7,-9.3,1.6,3.4,-0.5,-2,0.9,1.2,-1.7,20
2008,1,7,-9.7,-2.1,1,-3.2,2.2,0.8,0,0.3,0.8,24.9,-6,3.2,0.6,-3.3,2.3,-1.6,2
2008,1,7,-5.3,3.1,-2.8,3,0.2,-1,-3.6,-5.4,8.3,12.6,10.5,-3.3,-1.9,-0.4,-3.1,6.1,6
2008,1,-3,4.1,2.1,-3.2,2.2,-0.5,-1,-0.4,2.6,0.2,4.7,8.9,-2.3,-5.9,-0.4,2.1,4.3,14
2008,1,-11,5.4,-14,-5.6,-4.8,-1.1,-3.2,10.5,-2.1,5.8,-1.8,-6.7,-3.4,-4.5,-4.2,-3.8,-3.2,24
2008,1,-11,3.5,-16.4,-3.6,-9.3,1.2,-1.7,3.6,-1.6,7.6,-7.5,0.3,0.9,-3,-9.5,-2.8,-5.7,15
2008,1,1,6.2,1.1,-1.2,1.7,-0.9,-2.3,4.4,1.7,4.5,-3.8,-1.9,-4.4,-0.4,-0.6,-1.6,4.3,5
2008,1,-3,-1.7,-2.8,-2.5,-0.7,-2.2,3.8,6.6,-2.2,-3.8,9.3,-5.8,-5,-1.1,-2.3,-3.6,1.3,10
2008,1,-9,17.1,-1.1,4.1,0.1,-2.8,-1.4,-5.4,0.6,2.9,-5.2,13.5,2.4,6.3,-1.4,-0.4,2.1,31
2008,1,-11,12.3,-1.3,6.8,-1,-2,0.6,-1.4,-1.5,10.3,-2.2,7.5,2.9,5.1,-3.9,6.2,2.7,12
2008,1,-9,14.1,3.1,0.9,3.1,-1,0.2,6.2,2.6,-4.6,-0.9,-0.2,-6,3.7,4.2,-3,-0.3,19
2008,1,-13,10.1,-14,0.4,-4.3,-2.1,2.3,0.4,3.2,7.1,-3.7,-0.1,-3.1,-0.4,-4.9,1.4,-1.7,1
2008,1,-15,14.7,-16.4,2.2,-6.3,-2.4,0.3,3.5,-2.6,-1.4,-3.9,3.5,-3.6,4.6,-8.5,0,-2,24
2008,1,-7,3.5,-6.2,-1.5,-3.1,2,-0.4,11,-0.8,-1.8,1.3,-0.3,-5.3,-1.7,-0.9,0.2,-4.6,11
2008,1,-7,6.6,-3.6,-0.1,-0.9,-0.4,-0.9,4.2,2.8,-5.8,-4,3.5,-7.2,-4.6,-1.6,5.8,0.3,18
2008,1,-15,26.5,-17.9,8.8,-3.3,-2.6,-1,7,-7.4,-3,-11.3,6.7,2.8,11.7,-5.5,0.2,1.3,41
2008,1,-1,2.9,0.3,-3.9,-0.3,-5.8,-2.7,-6.6,-3.3,-7.8,-5.4,4.1,-1.1,-3.1,1,-4.1,-1.6,13
2008,1,-5,7.5,-3.8,-2.1,1.3,-5,4.2,5.3,-0.4,-3.6,-1.4,-2.8,-2.8,-2.5,3.6,-1.1,-2.2,8
2008,1,-5,-5.8,-9.1,-2.8,0.8,1.9,6.6,1.1,-2,1.2,3.1,-2.9,-3.6,-4.3,1.1,0,-0.3,11
2008,1,5,5.1,2.7,-3.8,3.5,-1.1,2.2,11.2,-4.7,-1.3,10.4,0.8,-2.9,-1.3,0.8,-6.7,6.5,13
2008,0,0,7.5,-5,6.3,-3.2,-1.4,-3.4,-1.9,-4.9,2.1,-1.9,-0.9,4.3,5.9,-2.4,4.1,-2.7,9
